answer_number,English_Amharic
18,የጃኔት ዳክዬዎች በቀን 16 እንቁላሎች.በየቀኑ ቁርስ ለመብላት ሦስት ትሰጣለች እንዲሁም ከአራት ጋር በየቀኑ ከአራት ጋር የሚጋራ ነው.የተቀሩትን አርሶ አደሮች ገበያ ለእያንዳንዱ ትኩስ ዳክዬ እንቁላል አንድ ቀን ለ 2 ዶላር ትሸጣለች.
3,አንድ ኮት 2 ፓውንድ ይወስዳል.ሰማያዊ ድር እና ግማሽ ከነጭ ድር.ስንት ፓውብ.በአጠቃላይ ይወስዳል?
70000,"ኢያሱ ቤት እንዲንቀሳቀስ ወሰነ.ቤቱን ለ 80,000 ዶላር ገዛ እና ከ 50,000 ዶላር ዶላር ታድሷል.ይህ የቤቱን ዋጋ በ 150 በመቶ ጨምሯል."
540,ጄምስ ሦስት ጊዜ በሳምንት ሦስት ጊዜ ለማሮጥ ወሰነ.በእያንዳንዱ ስፕሪንግ ውስጥ 60 ሜትር ሮጦ ነበር.በሳምንት ውስጥ ስንት ሜትሮች ይሮጣል?
20,"በየቀኑ, ዌንዲ ት / ቤቶችን በየሦስት ኩባያ የዶሮ ምግብ, የዶሮ ምግብ, የምግብ ትሎች, የምግብ ትሎች, እና ጤናማ ሆነው እንዲኖሩ የሚረዳሩ አትክልቶች ናቸው.እሷ ሦስት የተለያዩ ምግቦችን ትበላቸዋለች.ጠዋት ጠዋት ለዶሮዎች መንጋ 15 ኩባያ ምግብ ሰጠች,ከሰዓት በኋላ ለዶሮዎ childer ወደ 25 ኩባያ ምግብ ሰጠች."
64,"ኪለር ለአዲሱ አፓርታማው ብርጭቆዎችን ለመግዛት ወደ ሱቁ ይሄዳል.አንድ ብርጭቆ $ 5 ዶላር ያስወጣል, ግን እያንዳንዱ ሁለተኛ መስታወት ዋጋውን ብቻ ያስከፍላል.ኪለር 16 ብርጭቆዎችን ለመግዛት ይፈልጋል.ለእነሱ ምን ያህል መክፈል አለበት?"
260,"የሃውሉዝስ ሁለት እጥፍ ያህል እንደ ቻርለስተን ሁለት በርዎች አሉት.ቻርለርስተን እንደ ባሲያትት እንደ ብዙ ቡና ቤቶች 4 ጊዜ አለው.ምን ያህል ቡና ቤቶች ስንት አሞሌዎች, ቻርለርስተን እና የሲያትል ማኅበሮች 20 አሞሌዎች ካሉት?"
160,"ካርላ የ 200 ጊባ ፋይልን በማውረድ ላይ ነው.በተለምዶ 2 ጊባ / ደቂቃን ማውረድ ትችላለች, ነገር ግን ከ 40% የሚሆነው የመጫኛ መንገድ ዝመናዎች ለመጫን እና እንደገና ለማስጀመር የጀመረው ከ 20 ደቂቃ ያህል ይጀምራል.ከዚያ ካርላ ማውረድ ከቧንቧዎች እንደገና ማስጀመር አለበት."
45,በ 4 ሰዓታት ውስጥ ወደ ቤት ለመመለስ ይሞክራል ግን በትራፊክ መጨናነቅ ውስጥ የመጀመሪያዎቹን 2 ሰዓቶች ያሳልፋል.በቀድሞው በ 80 ማይሎች ውስጥ ቀሪውን 4 ሰዓታት ከማሽከርከርዎ በፊት በሚቀጥለው ግማሽ ሰዓት የሚነዳውን በግማሽ ሰዓት ያሽከረክራል.በእነዚህ 4 ሰዓታት ማብቂያ ላይ ከቤት ምን ያህል ርቆ ነው?
460,"ለመጀመሪያዎቹ 40 ሰዓታት የሥራው የሥራ ሰዓት, ​​የኤልዛላ ደመወዝ አንድ ሰዓት $ 10 ዶላር ነው.በተጨማሪም, ለትርፍ ጊዜ ሥራው 1.2 ጊዜዋን መደበኛ የሰዓት ተመን ትቀበላለች.ኤሊዛ በዚህ ሳምንት 45 ሰዓት ከሠራች, በዚህ ሳምንት ምን ያህል አገኘች?"
366,"አዲስ ፕሮግራም በመጀመሪያው ወር 60 ማውረዱ ነበረው.በሁለተኛው ወር የወረዶቹ ብዛት ከመጀመሪያው ወር ጀምሮ ከሦስት እጥፍ በላይ ነበር, ግን በሦስተኛው ወር, በ 30% ቀንሷል."
694,"ቱላ ወደ ዳቦ መጋገሪያ ሄዶ የተለያዩ መጋገሪያዎችን ገዛ.እያንዳንዳቸው ለ $ 68, ለሁለተኛ ደረጃ ለሁለት የ 10 ዶላር ደርዘን, ለሁለቱም ለ 80 ዶላር ለ $ 85 እና ስድስት ደርዘን ትናንሽ ቼዝኬክዎች, እያንዳንዳቸው ለ 55 ዶላር."
13,"ካርሎስ የሎሚ ዛፍ መትከል ነው.እሱን ለመትከል 90 ዶላር ያስወጣል.በየዓመቱ ሰባት የሎሚ ዛፎችን ያድጋል, እያንዳንዱም ለ $ 1.5 ዶላር ይሸጣል.እሱ ለአንድ ዓመት ያህል ውሃ ውሃ ያስከፍላል እና ዛፉን ለመመገብ."
18,"ሜላኒ እንደ በር-በር-ወደ-በር ሻጭ ይሠራል.በአረንጓዴው ቤት ውስጥ አንድ ሦስተኛ በሆነ የሆድ ቤት ውስጥ አንድ ሶስተኛውን, በቀይ ቤት እና በቀሪው ቤት ውስጥ ቀሪው ቤት አተር ትሸጫለች.ሜላኒ 5 የቫኪዩም ጽዳት ሠራተኞች ቢኖሩት ኖሮ ስንት ያህል ጀምረዋል?"
60,በ 20 ተማሪዎች የዳንስ ክፍል ውስጥ 20% የሚሆኑት በጃዝ ዳንስ 25 በመቶው ውስጥ 25% የተመዘገቡ ሲሆን በሂፕ-ሆፕ ዳንስ ውስጥ የተቀረው.ከጠቅላላው ተማሪዎች የ HOP-HOP ዳንስ ውስጥ ምን ያህል ይመዘገባሉ?
125,"አንድ ነጋዴ በሁለት የግ purchase ዕቅዶች መካከል ምርጫ ማድረግ ይፈልጋል-8,000 ዶላር ዋጋ ያለው ጌጣጌጥ ዋጋ ያለው ጌጣጌጥ.የገንዘብ አማካሪው ተመሳሳይ በሆነ ወር በ 2.5% የሚጨምር እና የኤሌክትሮኒክስ ገበያ በ 1.2 በመቶ እንደሚጨምር ይገመታል.ነጋዴው በዚህ ወር መጨረሻ ላይ ምርጫ በማድረግ ትርፉን ለመጨመር ከፈለገ ይህ ምን ያህል ትርፍ ይሆን?"
230,"ሁለት ባቡሮች በተመሳሳይ ጊዜ ሳን ራፋኤል ይተዋል.እነሱ ከ 80 ማይል ያህል ወደ ምዕራብ መምሪያ ይጀምራሉ.በሚቀጥለው ቀን, ወደ ሰሜን አቅጣጫ ወደ ሰሜን አቅጣጫ ይጀምራሉ.በሁለቱ ቀናት በእያንዳንዱ ባቡር ውስጥ የተሸፈነው ርቀት ምንድነው?"
57500,"ጁል ማበረታቻ አሰልጣኝ ለመሆን አንድ ሰዓት እና $ 30 ዶላር የሚከፍለውን $ 30 ዶላር ይከፍላል.በዓመት ከ 50 ሳምንታት ውስጥ በሳምንት 35 ሰዓታት እንደ መምህር 35 ሰዓታት ከ 15 ሰዓታት ውስጥ አሰልጣኝ ሆ acking, ዓመታዊ ደመወዝ ምንድነው?"
7,ክሌር በየማለዳው ለቁርስ 3 እንቁላል ኦሜሌዎችን ትሠራለች.በ 4 ሳምንቶች ውስጥ ስንት dezen እንቁላሎች ትበላለች?
6,"የመጀመሪያዎቹን አራት ማይሎች ያህል እንዲራመድ አንድ ሰዓት ወስዶ ወደ ቀጣዩ ሁለት ማይል ለመሄድ ሌላ ሰዓት ወሰደች.አማካይ ፍጥነት በሰዓት አራት ማይል እንዲሆኑ ከፈለገች, በሰዓቱ ምን ያህል ፍጥነት (በሰዓት) ምን ያህል ፍጥነት መጓዝ ይኖርባታል?"
15,"ሁለት ሦስተኛ የሚሆኑት ውሃዎች 10 ሊትር ብርቱካናማ ጭማቂዎች አሉኝ, ከሶስት አምስተኛ ውሃ ውስጥ 15 ሊትር አናናስ ጭማቂ, ግን ስፈስ አንድ ሊትር ብርቱካናማ ጭማቂዎችን አፈሰሰኝ.በተቀረው 24 ሊትር ውስጥ ምን ያህል ውሃ ነው?"
14,ሬይሞንድ እና ሳማንታ የአጎት ልጆች ናቸው.ሬይሞንድ የተወለደው ከሳሙታ ስድስት ዓመት በፊት ነው.ሬይሞንድ 23 ዓመት ሲሆነው ወንድ ልጅ ወለደ.ሳማንታ አሁን 31 ከሆነ ከ 31 ዓመት በፊት ሬይሞንድ ልጅ የተወለደው ስንት ነው?
7,ቢሊ ዲቪዲዎችን ይሸጣል.ማክሰኞ ማክሰኞ 8 ደንበኞች አሉት.የመጀመሪያዎቹ 3 ደንበኞች እያንዳንዳቸው አንድ ዲቪዲ ይገዛሉ.የሚቀጥሉት 2 ደንበኞች እያንዳንዱ 2 ዲቪዲዎችን ይገዛሉ.የመጨረሻዎቹ 3 ደንበኞች ማንኛውንም ዲቪዲዎች አይገዙም.
8,በሰዓት በ 2 ሴንቲሜቶች በ 2 ሴንቲሜትር.ከ 1 PM እስከ 5 PM ከተቃጠለ በኋላ ስንት ሴባሜትሮች ይቀልጣሉ?
26,ካይል የመጨረሻውን ዓመት ሻጭ በ 1950 ዶላር ነው.ይህ ከዋናው ዋጋ 25% ቅናሽ ነበር.የመጽሐፉ ከፍተኛ የመሸጥ ዋጋ ምን ነበር?
2,"ማሪያ የዶሮ ምግብ ለ $ 12, 5 ፓኬጆች ለእያንዳንዱ $ 3 እስከ $ 3 ዶላር ለእያንዳንዱ $ 1.50 ለእያንዳንዱ $ 3 ዶላር እና አንዳንድ የፒዛ ሳጥኖች.ማሪ በጠቅላላው 50 ዶላር ከፍሏል.እያንዳንዱ ሳጥን $ 8.50 ከሆነ, ምን ያህል ፒዛዎች ታዝተዋል?"
243,"Mishka bought 3 pairs of shorts, 3 pairs of pants, and 3 pairs of shoes. A pair of shorts cost $16.50. A pair of pants cost $22.50, and a pair of shoes cost $42."
16,ሲንቲያ በየምሽቱ አንድ አይስክሬም ይበላል.ከ $ 4.00 ዶላር ሳጥን ውስጥ 15 ሳጥኖችን ትገዛለች.ከ 60 ቀናት በኋላ በ አይስክሬም ላይ ምን ያህል ያጠፋታል?
25,ሁለተኛው ማቆሚያ ከጉዞው መጨረሻ በፊት 15 ማይል ነበር.በመጀመሪያዎቹ እና በሁለተኛው ማቆሚያዎች መካከል ስንት ማይሎች ይጓዙ ነበር?
104,"ግሎሪያ ጫማዎች ሲገዙ የጫማውን በጀት የሚገጣጠሙ ጥንድ አገኘች.ሆኖም, ጫማዎች እና ሁለት ጥንድ ተረከዙ ከመምረጥ, ከጫማዎቹ በላይ የሚሸጡ.አንድ ጥንድ $ 33 ዶላር ከሆነ እና ሌላኛው ሁለት እጥፍ ነው, ጫማዎቹ ምን ያህል ዋጋ አላቸው?"
109,"ዳርሪል እና አሊሊን ዕድሜ ከ 7 11 ሬሾዎች ውስጥ ናቸው.አሁን የ 162 ዓመት ከሆነ, አሊንም ከአሁን 10 ዓመት ዕድሜዎ ያበራሉ ብለው ያስቡ."
80,"ጠመንጃ በጠርሙሱ ውስጥ የጄል ባቄላዎችን ለመቁጠር እየሞከረ ነው.ለጓደኞቹ ምን ያህል ጄል ባቄላዎች በጠርሙሱ ውስጥ እንደሆኑ ለወዳጆቹ ይጠይቃል.አንድ ሰው ከ 80, ከ 80, ከ 20 በላይ ነው ይላል, ከሦስተኛው ደግሞ ከመጀመሪያው አጋማሽ በላይ 25% አሉ ይላል.የእነሱ አማካይ ግምት ምንድነው?"
35,ጆን ለ 10 ውሾች ይንከባከባል.በየቀኑ በየቀኑ በእግር የሚራመድ እና የተለያዩ የቤት ውስጥ ሥራዎቻቸውን የሚንከባከብ 5 ሰዓታት ያወጣል.በሳምንት ውስጥ ስንት ሰዓታትዎች ውሾች እንዲንከባከቡ ያጠፋል?
70,ግሬቼን 110 ሳንቲሞች አሉት.ከብር ሳንቲሞች ይልቅ 30 ተጨማሪ የወርቅ ሳንቲሞች አሉ.ስንት የወርቅ ሳንቲሞች አሉ?
23,አሮን ከግማሽ ከግማሽ በላይ የ Rayomand's ከግማሽ በላይ ዕዳዎች አሉት.ስንት ሩብልስ ስንት ነው Siobhan 40 ቢኖረው?
9,ማይክ ፓንግ-ፓንግ ለ 40 ደቂቃዎች ይጫወታል.በመጀመሪያዎቹ 20 ደቂቃዎች ውስጥ 4 ነጥቦችን ያስገኛል.በሁለተኛው 20 ደቂቃዎች ውስጥ 25% ተጨማሪ ነጥቦችን ያስገኛል.
75,ቴሪ በቀን 2 ዮጋርት ይመገባል.በአሁኑ ጊዜ 4 ዮጋርትስ $ 5 ዶላር ይሸጣሉ.በ 30 ቀናት ውስጥ በ 3 ቀናት ላይ ምን ያህል ገንዘብ ያጠፋል?
2,"ጆን አሻንጉሊቶችን ሁሉ ለመሸጥ እና የቪዲዮ ጨዋታዎችን ለመግዛት ገንዘብን መጠቀም አቅዶ ነበር.13 ዋልግ አለው 13 እያንዳንዳቸው እያንዳንዳቸው $ 15 ዶላር ይሸጣል.በመጨረሻ, 8 የቪዲዮ ጨዋታዎችን በ $ 20 ዶላር ለእያንዳንዱ $ $ 5 ቀርቷል."
10,"ጆን በሳምንት 60 ማይል ያካሂዳል.በሳምንት ለሦስት ቀናት ይሠራል.በመጀመሪያው ቀን ለሦስት ሰዓታት ይሠራል, እና በሚቀጥሉት ሁለት ቀናት ውስጥ ለግማሽ ሰዓት ያህል ይሠራል."
18,"ዳና እንደራመች በፍጥነት አራት ጊዜ ሊሮጥ ይችላል, ግን እንደሰራች በፍጥነት ግማሽ መዘርጋት ትችላለች.በሰዓት ሦስት ማይል ያህል መዝለል ትችላለች.ከጊዜው አንድ ሶስተኛ ከሠራች ሁለት ሦስተኛውን የሚራመዱ ከሆነ በስድስት ሰዓታት ውስጥ እንዴት ያህል ይሸፍኗታል?"
8,"ብራንደን iPhone እንደ ገና የቤን ልጅ አራት እጥፍ ነው.የቤን iPhone እንደ ሱዚ ሁለት እጥፍ ነው.የሱዙ አፕል 1 ዓመት ከሆነ, የምርት ብራንደን iPhone ስንት ዓመት ነው?"
200,"ታላቁ ዘንዶ, ግሪግ, በዙፋውያ ላይ በተሰነጠቀ በ 1,000 ጫማ ርቀት ውስጥ በእሳት በሚገልጽ ግሩስ ተራራ ላይ ተደምስሷል.ዘንዶውን ሊገድል የሚችለው ብቸኛው የወርቅ ጦርነገር ግን በሰፊያው ላይ የ SAPPOR ን ሲይዙ, ንጉሱን ካልያዘች እሷ ከሌላው ይልቅ ከሦስት እጥፍ ርቃውን ከሦስት ጊዜ ያህል መጣል ትችላለች."
26,"አያቴ ጆንስ ለእሳት አደጋው ምሳ ለእርሷ ምሳ ለአሳዛኝ አፕል ፓይስ ተጋጋጭቷል.እያንዳንዱን ኬክ በ 8 ቁርጥራጮች ቆረጠው እና አምስት እጆቹ ራሳቸውን እንዲያገለግሉ ለሚያገለግሉት በቡፌ ሰንጠረዥ ላይ አስቀመጠ.አመሻሹ መጨረሻ, እንግዶቹ ቁርጥራጮቻቸውን ወስደው በሉ, 14 ቁራጭ ኬክ ትተው ነበር."
48,"በተመጣጠነ ምግብ መመሪያ መሠረት አንድ የቺፕስ ቦርሳ በአንድ በማገልገል 250 ካሎሪዎች አሉት.የ 300-ግራም ቦርሳ 5 ክፍሎች ካለው, ዕለታዊ ካሎሪ get ላማዎ 2,000 ከሆነ እና ቀድሞውኑ 1,800 ካሎሪዎን ቢበሉ ምን ያህል ግራም ሊበሉ ይችላሉ?"
20,"ቻርሊ የቤሻክስ ሻማዎችን መሸጥ ትፈልጋለች.ለእያንዳንዱ ፓውንድ Bewswux 10 ክብ መብራቶችን ማድረግ ይችላል.አንድ ፓውንድ ቤዋዎች እና ዊኪስ በአቅርቦት 10.00 ዶላር ያስወጣል.እያንዳንዱን ሻማ ለ $ 2.00 ለእያንዳንዱ ሻማ ይሸጣል, እሱ 20 ሻማዎችን ከሸጠ እና ቢሸጥ የእርሱ የተጣራ ትርፍ ምንድነው?"
104,ምርምር እና የብሎግ አንቀጽ ለመፃፍ በአማካይ ከ 4 ሰዓታት ይወስዳል.ባለፈው ሳምንት ሰኞ እና 2/5 እ.አ.አ. ዛሬ ሰኞ እንዳትሠራው በሰኞና 2/5 እጥፍ ላይ 5 መጣጥፎችን ጻፈች.ረቡዕ እንዳደረገች በየሁለት ሁለት እጥፍ ሁለት እጥፍ ጽሑፎችን ጻፈች.
163,በመንገዳዋ ላይ አቆመችና የፖስታ ካርዶች ጥቅል ገዛች;በሥራ ቦታ አንድ ልኡክ ጽሁፍ ማስታወሻው በእያንዳንዳቸው 220 የተለያዩ የቡና ጽዋዎች ላይ አኖረች.23 ጥቅልሎች ቀርተው ከሄዱ ስንት ያህል ነበሩ?
800,ቀይዎቹ ከሰማያዊዎቹ 50% የበለጠ ውድ ናቸው.እያንዳንዳቸው 40 ዶላር ካወቃቸው ሰማያዊዎቹ ውስጥ 200 ዶላር አውጥቷል.በሰማያዊዎቹ ላይ ምን ያህል ገለጸ?
8,ትሬሲ የአትክልተኝነትን እጽዋት ለመደገፍ ባለ 4 እግር ረዥም ገመድ ተጠቅሟል.ገመድ በ 6 ኢንች ርዝመት ቁርጥራጮች ተቆረጡ.ስንት ቁርጥራጮች አገኙ?
30,"ሪቻርድ የሚኖረው በ 15 ፎቅ አፓርታማ ህንፃ ውስጥ ነው.እያንዳንዱ ወለል 8 አፓርታማዎች አሉት, እና 3/4 የሕንፃው ህንፃ ተይ is ል.በህንፃው ውስጥ ያልተያዙ ክፍሎች አጠቃላይ ቁጥር ምንድነው?"
294,"ሎይድ የእንቁላል እርሻ አለው.የእሱ ተራ አንድ ቀን 252 እንቁላልን ያመርታል, እና እያንዳንዱ ደርዘን ለ $ 2 ይሸጣል.በሳምንት ውስጥ ሎይድ ምን ያህል እንቁላሎች ምን ያህል ነው?"
5,የቶም ጀልባ በሰዓት በ 10 ማይሎች ውስጥ መጓዝ ይችላል.በቀን ከ 1 እስከ 4 ሰዓታት ይጓዛል.ከዚያ በሰዓት በ 6 ማይሎች ውስጥ ይጓዛል.ለመመለስ ምን ያህል ጊዜ ይወስዳል?
15,"የኦርዮ መጽሐፍ ቦርሳ ለእሱ በጣም ከባድ ነው.15 ፓውንድ ከእሱ መወሰድ አለበት: - አስቂኝ መጽሐፎቹ እያንዳንዳቸው 1/4 ፓውንድ ይመዝናል,የእሱ መጫወቻዎች እያንዳንዳቸው 1/2 ፓውንድ ይመዝኑ.30 አስቂኝ መጽሐፍትን ከወሰደ ስንት አሻንጉሊቶች ማውጣት አለበት?"
40,"ሐሙስ, መካኒክ ጥገና 6 የጭነት መኪና ጎማዎች እና 4 የመኪና ጎማዎች.አርብ, የመካኒክ ጥገናዎች 12 የጭነት መኪና ጎማዎች እና የጭነት መኪና ጎማዎች የሉም."
40,"ዶቶግራፊ እህቶች እህቶች ከአካባቢያቸው የእንስሳት መጠለያዎች ጋር ሰባት ድመቶች ከጠወሯት ከአከባቢው የእንስሳት መጠለያ ጋር ወደ ቤት እየሄዱ ነበር.የመጀመሪያው ድመት, ፓትስ, እንደ ብዙ ድመቶች, እና ሌላኛው, ትሪዚሊ እንዳላት ትናገራለች."
14,"ዣን 30 ሎሊፒፖች አለ, ዣን በተቀረው lollippoops አማካኝነት 2 ሎሊፕፖፖች በላዩ ውስጥ 2 ሎሊፖፕ በአንድ ቦርሳ ውስጥ 2 Lollipps ን ማከል ይፈልጋል.ጂን ምን ያህል ሻንጣዎች መሙላት ይችላሉ?"
3,"ጴጥሮስ በዚህ ሳምንት ወደ ፊልሞች ለመሄድ አቅደ.እሱ ሁል ጊዜ $ 7 ትኬቶችን እና $ 7 ቱፒክ ያገኛል.ለአንድ ሳምንት ያህል ከ 42 ዶላር ከሆነ, ምን ያህል ጊዜ ወደ ፊልሞች መሄድ ይችላል?"
83,ከእንጨት የተሠራ ድልድይ ከ 5000 ኪ.ግ በላይ ሊሸከም አይችልም.የጭነት መኪና የጭነት መኪና በተመሳሳይ ሳጥኖች የተሞሉ ሲሆን እያንዳንዳቸው 15 ፓውንድ የሚመዝኑ ድልድዩን ይደረጋል.የነዳጅ እና ባዶ የመኪና ሚዛን 3755 ፓውንድ ነው.ከቡድኑ ክብደቱ ላይ የማይጨምር የጭነት መኪናው ከፍተኛው የጫማዎች ብዛት ምንድነው?
57,እስጢፋኖስ በመስመር ላይ ሸቀጦችን አዘዘ.የመጨረሻው ሂሳብ ወደ 40.00 ዶላር ደርሷል.ይህ በአቅራቢው አማካይነት ስለነበረው እስከ መጨረሻው ጠቅላላ 25% ክፍያዎችን አክለው አደረጉ እና በማቅረብ ክፍያዎች ውስጥ $ 3.00 እንዲከፍሉ አድርጓቸዋል.በተጨማሪም እስጢፋኖስ $ 4 ጉርሻ ሰጠ.
187,አንድ የፍራፍሬ ቡሽ በጫካ ውስጥ የሚበታተኑ እያንዳንዱ የፍራፍሬ ፍሬዎች 6 ፍራፍሬዎች 6 ክላፎች አሉት.በአጠቃላይ ስንት ፍሬዎች አሉ?
17,"ቅርጫት 25 ብርቱካን ይይዛል, ከየትኛው ክፍል 1 ነው, 20% የሚሆኑት ኮምጣጤ እና ቀሪዎቹ ጥሩ ናቸው.ስንት ብርቱካኖች ጥሩ ናቸው?"
1430,ጃኔት ለልጃቸው ሳንቲም ትገታለች.ለችግሮቻቸው እና ለሌላ ለጌጣጌጥ ለቤት ውስጥ ለሌላ ቁሳቁሶች 500 ዶላር ትከፍላለች.ከዚያ በኋላ ወደ ኢንሹራንስ ኩባንያው 10% ይከፍላል.
25000,ከ 20 ዓመታት በኋላ ዓመታዊ ጡረታ 5% የመቀበል መብት አለች.ከ 30 ዓመታት በኋላ ጡረታ ከወጣች ዓመታዊ ጡረታዋ ምን ይሆን?
1596,አሌና በወር $ 140 ዶላር ለሆኑ የቀጥታ ዥረት አገልግሎት ተመዝግቧል.የቀጥታ ዥረት ኩባንያው የዓመቱ የመጀመሪያ አጋማሽ ከከፈቷ ከ 10% በታች ከሆነ እስከ ዓመቱ ሁለተኛ አጋማሽ ድረስ የቀጥታ ዥረት አገልግሎት በአመቱ መጨረሻ የከፈለውን ጠቅላላ መጠን አስላ.
300,"ሶፊያ የመንገድ ጉዞን እያሰበች ነው, እናም በአንድ ገንዳ ውስጥ አንድ ታንክ ብቻ እንዴት መጓዝ እንደምትችል ማወቅ ትፈልጋለች.ታንክዋን ከመሞቻች በኋላ 100 ማይል ያህል ያህል ተጉዘተች, እናም እሷ ከ 4 ጋሎን ነዳጅ ጋር መሙላት ይኖርባታል.ባለቤቱ መመሪያ መኪናዋ 12 ጋሎን ነዳጅ መያዝ ይችላል ብለዋል."
36,ጂም ቴሌቪዥን በመመልከት ከ 2 ሰዓታት በኋላ ታሳል እና ከዚያ በኋላ ወደ መኝታ ለመሄድ ወስኗል እናም ለግማሽ ጊዜ ያህል ለማንበብ ወስኗል.እሱ በሳምንት 3 ጊዜ ያደርጋል.በ 4 ሳምንቶች ውስጥ ቴሌቪዥን በመመልከት እና በማንበብ ምን ያህል ሰዓታት ያሳልፋል?
48,"አራት ትምህርት ቤቶች በቅርጫት ኳስ ውድድር ውስጥ ይወዳደራሉ.እያንዳንዱ ት / ቤት የሴቶች የቅርጫት ኳስ ቡድን እና የወንዶች የቅርጫት ኳስ ቡድን ይልካል, እና እያንዳንዱ ቡድን 5 ተጫዋቾች አሉት.እያንዳንዱ ትምህርት ቤት ለእያንዳንዱ ቡድን አሰልጣኝ ይልካል."
595,"ውድ ሀብት አዳኝ በከበሩ ድንጋዮች የተሸፈነ ውድ ሀብት ደረር አገኘ.175 አልማዞች, 35 ሩቢዎች እና ሁለት ጊዜ ብዙ ኢምራድድ.በደረት ውስጥ ምን ያህል ውድ ድንጋዮች ነበሩ?"
36,በዶ / ር ዋጋ ያለው ትምህርት ቤት ሁለት እጥፍ ወንዶች ልጆች አሉ.60 ሴት ልጆች እና 5 ተማሪዎች ለእያንዳንዱ አስተማሪ 5 ተማሪዎች ካሉ ምን ያህል አስተማሪዎች አሉ?
60,"ከዚያ, ለስምንት ሳምንታት በሳምንት 5 ዶላር አገኘች.ስምንት ሳምንቶች መጨረሻ ላይ, በአጠቃላይ 100 ዶላር ከ 100 ዶላር ቢኖራት, ቤሊይ ምን ያህል ገንዘብ ተጀመረ?"
7425,ጁዲ በየሳምንቱ በሳምንት ቀናት እና 8 የዳንስ ክፍሎች ቅዳሜ ቅዳሜዎች በየሳምንቱ በሳምንቱ ቀናት እና 8 የዳንስ ክፍሎች ያስተምራል.እያንዳንዱ ክፍል 15 ተማሪዎች ካለው 15 ተማሪው $ 15 ዶላር የሚከፍል ከሆነ በ 1 ሳምንት ውስጥ ምን ያህል ገንዘብ ታደርጋለች?
60,ኬሊያን ሁለት የምግብ አዘገጃጀት መመሪያዎች እና ሌሎች በእጥፍ ከብዙዎች ጋር አብረው ያሉት ሁለት የምግብ አዘገጃጀት መመሪያዎች አሉት.ኬሊያ ምን ያህል የምግብ አዘገጃጀት መመሪያዎች ሁለቱንም ምግቦች እንዲሆኑ ማንበብ አለበት?
221,"ቶሚና ቡናማዎችን በመሸጥ በጎ አድራጎት ለ $ 3 ዶላር በመሸጥ በጎ አድራጎት ገንዘብ ይሰበስባል.ቶሚስ 43 ቡቃያዎችን እና 23 ቁርጥራጮችን እና 23 ቁርጥራጮችን ቢሸጥ, ምን ያህል ገንዘብ ይሰበስባል?"
255,ሺላ እያንዳንዳቸው ከ150 ዶላር ጋር በ $ 150 ዶላር ገቢ አገኘ.በእያንዳንዱ ክፍል ላይ 2% ፍላጎት ትከፍላለች.ሺላ በየወሩ ለ 3 ወሮች ምን ያህል ይከፍላል?
88,"እሱ ሦስት አበባዎችን ይሸጣል; ማሪግዶድ, ፓፒያስ እና ወለደ.ብዙውን ጊዜ ማርጊዶዎችን በ 2.74 ዶላር የሚሸጠው ጃር, ፔትኒያስን ለ $ 1.87 ዶላር ዶላር ዶላር ዶላር ነው."
60,"ሉቃስ የእሱን ጊዜ ከጊዜው በባሕሩ ዳርቻ ላይ ሕያው ያደርጋቸዋል.በመጨረሻም, እያንዳንዱ የአሸዋ ግንብ ደረጃ ከዚህ በታች ካለው ደረጃ ግማሽ ካሬ ሜትር ነው.ከአራት-ደረጃ አሸዋ ግድግዳ አማካይ አማካይ አማካይ የ 16 ካሬ ጫማዎች ጋር ምንድነው?"
5,"በአኗኗር የመጀመሪያዎቹ 180 ቀናት ውስጥ, ህይወቷ የመጀመሪያዎቹ 180 ቀናት በቀን 1 ኩባያ ውሻ ምግብ መመገብ አለበት.ከዚያ ቀሪ ሕይወቷ በቀን 2 ኩባያ የሚያሸሹ የውሻ ምግብ መመገብ ይኖርባታል.የውሻ ምግብ አንድ ቦርሳ 110 ኩባያዎችን ከያዘ, ምን ያህል የውሻ ምግብ አለቃው ኦሴሊያ በመጀመሪያው ዓመት ይጠቀማል?"
100,"እንደ ዳዊት እብሪት ቁራ, ሣራ ቁፋሮዎች 400 እ.አ.አ. 400 ፓውንድ በሚገጥምበት ጊዜ ሬይሞንድ ግማሽ እንደ ማጠቢያ ገንዳዎች ቢገጥማው ምን አለ?"
6,ቪንሴንት ለ $ 2.50 ዶላር ወይም 2 ዶላር ለ $ 1 ዶላር ለ $ 1 ዶላር ያወጣል.በዝቅተኛ ዋጋ 18 አበባዎችን በመግዛት ምን ያህል ገንዘብ ያስቀምጣል?
70,እስከ 100 ዶላር ዶላር የሚወጣውን ውሻውን ወደ ቸርቻሪው ይወስዳል.ቸርቻሪው እንደ አዲስ ደንበኛ 30% ቅናሽ ይሰጠዋል.ቸርቻሪው ምን ያህል ነው?
10,ሁለት ሴቶች እያንዳንዳቸው አንድ-ስድስተኛ አንድ-ስድስተኛ ገላዋን ገላን 24 l.ከዚያም አንድ ልጅ 6.5 ኤል.ስንት ጋሎን ውሃ ተተወ?
17,ቻርሊ 10 ተለጣፊዎች ነበሩት.እሱ በሜዳ ውስጥ ከሱቁ ውስጥ 21 ተለጣፊዎችን በገበያ አዳራሹ ገዝቷል እናም ለልደቱ 23 23 ተቀላቅሏል.ከዚያ ቻርሊ ወደ እህቱ ተለጣፊዎች ሰጠች እና የሰላምታ ካርድ ለማስጌጥ 28 ኛ ተጠቀሙበት.
623,ግሬስ 125 ፓውንድ ይመዝናል.አሌክስ ከችሮታ ከአራት እጥፍ በታች ሁለት ፓውንድ ይመዝናል.በአጠቃላይ ምን ያህል ይመዝናል?
600,ዳንኤል 3 እጽዋት ቁስሎች.እያንዳንዱ ቁጥቋጦ 25 ጽጌረዳዎች አሉት እና እያንዳንዱ ጽጌረዳ 8 እሾህ አላቸው.በየትኛውም ሁኔታ ውስጥ ስንት እሾህ አሉ?
15,አንድ የእግር ኳስ ቡድን 22 ጨዋታዎች ተጫውቷል.ከጠፋቸው 8 ተጨማሪ ጨዋታዎችን አሸንፈዋል.ስንት ጨዋታዎች አሸንፈዋል?
44,"እያንዳንዱ ረድፍ ከተለያዩ የእረፍት ጊዜዎች ውስጥ የተገነባ ነው.በዓመት አራት ጊዜ ለእረፍት ይቀጥላል, እናም እሱ ከ 23 ዓመት ጀምሮ ስለሆነ ከእረፍት ጊዜው እየሄደ ነው.አሁን 34 ዓመቱ ነው."
22,"ለመጀመሪያ ጊዜ የሚሽረው ቢያንስ አራት ጊዜ ይሽራል.ለሁለተኛ ጊዜ, እስከ ሶስት ጊዜ ያህል ያህል ጊዜ ያህል ይሮጣል.ለሦስተኛ ጊዜ, ለሁለተኛ ጊዜ ግማሽ ያህል ያህል ቆይቷል."
9360,አንድ ኩባንያ ለእያንዳንዱ ሠራተኛ በወር $ 600 ዶላር ይከፍላል.ኩባንያው በየአመቱ የመጀመሪያ ደረጃ ደሞዝ ከ 10% በኋላ ለአምስት ዓመታት ከ 10% የመጠባበቅ ፖሊሲ አለው.ባለፈው ታህሳስ ባለፈው ታህሳስ ለአምስት ዓመታት ከኩባንያው ጋር ከቆየች በኋላ ከሶስት ተጨማሪ ዓመታት በኋላ ዓመታዊ ደመወዝ ምንድነው?
8000,"የማሪሊን የመጀመሪያ እትም 10 ጊዜ ያህል እንደ ሄራልድ የሄራልድ እንደተቀረቡ ይሸጣል.እነዚህ እትሞች 88,000 ቅጂዎችን በጠቅላላ የሚሸጡ ከሆነ ሄራልድ ስንት ቅጂዎች ሸሸ?"
24,"ክሪስቲና የልደት ቀን ድግስ እያደገ ሲሄድ ለእያንዳንዱ ለተጋበዙ እንግዶች 75 የስጦታ ሻንጣዎችን እያደገች ነው, ምክንያቱም ከተዘረዘሩት ተሳታፊዎች 1/4 አልታዩም.16 ጓደኞችን ትጋበዛለች.የስጦታ ቦርሳዎች እያንዳንዳቸው $ 2 ናቸው."
225,"አንድ የጎልማሳ ዳኖናር 10 ፓውንድ ድንች ሰላጣ እንደሚበላ ያውቅ ነበር, እና አንድ ልጅ እንደ አዋቂ ሰው ግማሹን ይበላል.20 አዋቂዎች እና ሽርሽር ላይ ያሉ 5 ልጆች ቢኖሩ ኖሮ ሁሉንም ሰው ለመመገብ በቂ ቢሆኑም ወደ ሽርሽር ማምጣት የሚፈልገው ስንት ፓውንድ ሳሎን ውስጥ ነው?"
28,ጃን እንደ ማርሲያ ብዙ የቤት እንስሳት ሦስት ጊዜ አለው.ማርሲያ ከ CEINY ይልቅ ሁለት ተጨማሪ የቤት እንስሳት አሏት.ሲንዲ አራት የቤት እንስሳት ካሉ ካሉት ሦስቱ የቤት እንስሳት ስንት ናቸው?
4,"ኤሚሊ አራት ልጆች አሊያ, ጃክሰን, ኮሪ እና ጄምስ አሏት.ኤሚ ከጃክሰን እና ከ 2 ዓመት በታች ከሆነ ከ 2 ዓመት በታች የሆነ 5 ዓመት ነው.ጄምስ 10 እና ኮሪ ከ 1 ዓመት በታች ከሆነ ጃክሰን ስንት ዓመት ነው?"
36,"ሊኤን ከጌራልድ በበለጠ ፍጥነት ከ 400 ሜትር በላይ የሚሆኑት የ 400 ሜትር መሰናክሎችን ማሮጠፍ ይችላል.ነገር ግን ጌራልድ አመክንዮውን ቀይሮ ፍጥነትውን በ 10 በመቶ አሻሽሏል.ሊን 38 ሴኮንድ ውስጥ 400 ሜትር መከለያዎችን ከሮጥ, ጄራልድ ምን ያህል ፈጣን ሊሄድ ይችላል?በሰከንዶች ውስጥ የ 400 ሜትር መከለያዎችን በማካሄድ በተሻሻለው አመጋገብ?"
348,"ለእያንዳንዱ ውሻ እና ለ 60 ውሾች ሁለት ድመቶች ካሉ, በአካባቢያቸው ምን ያህል የቤት እንስሳት አሉ?"
40,ከ 200 አምስተኛ ክፍል ውስጥ 2/5 ወንዶች ልጆች እና 2/3 ወንዶች ልጆች ውስጥ ያሉ ልጃገረዶች ናቸው.ስንት ልጃገረዶች በሴት ልጅ ስካውቶች ውስጥ አይደሉም?
3,ሃሪ ትናንት ማታ ከዘጠኝ ሰዓታት ጋር ተኛ.የጓደኛው ጄምስ ከሃሪ እንቅልፍ ሁለት ሦስተኛ የሚሆኑት ብቻ ነበር.ከያዕቆብ ይልቅ ምን ያህል ሰዓቶች ነበሩ?
12,ፋዲዳ የታሸቀውን ቲማቲሞችን ወደ ኩብ ሲበስል ግማሽ መጠንን ያጣሉ.እያንዳንዱ ባለ 16 - አውንስ ከቲማቲም ውስጥ ሶስት ቲማቲም ይይዛል.Freda የመጨረሻውን የመጨረሻውን በ 32-አውንስ ይለውጣል.
5,አንዳንድ መኪኖች በአንደኛው 15 ደቂቃዎች ውስጥ የትራፊክ መጨናነቅ ያሏቸዋል እናም ከዚያ 20 ተጨማሪ መኪኖች በሚቀጥሉት 15 ደቂቃዎች ውስጥ ይተላለፋሉ.ከመድረክ 5 መኪኖች ወደ የትራፊክ መጨናነቅ እንዳይገቡ ውጡ ይውሰዱ.በዋናው መንገድ ላይ 30 መኪኖች ቢኖሩ በመጀመሪያዎቹ 15 ደቂቃዎች ውስጥ ምን ያህል መኪኖች ውስጥ ስንት መኪኖች አልፈዋል?
58,"ማርያም የአትክልት አትክልተኛ ናት.ትናንት, ከምትወደው የአትክልት ስፍራ ውስጥ 18 አዳዲስ የአበባ እፅዋትን አገኘች.በእያንዳንዱ የ 40 መስኮቶች ውስጥ በትላልቅ ሀገር ቤት ውስጥ ሁለት እፅዋት አሏት.ለጋስ በመሆን ነገ ሁሉ ከወሰዱት ከሁሉም በላይ ለጓደኞ and እና ቤተሰቧ ውስጥ አንድ የእፅዋት እፅዋትን ለመስጠት ወሰነች."
175,ጄሮም በሩን ከከፈተ በፊት የመጀመሪያው ጓደኛ የበርን ደወል ደወል በበርካታ ጊዜያት የሩሞውን ክፍል 1/4 የጄሮም የመጀመሪያ ጓደኛን ይጥላል.ሦስተኛው ጓደኛቸው የበር ደወል 10 ጊዜ ያህል በአራተኛ ጓደኛቸው ውስጥ 10 ጊዜ ያህል ይደነግጋል.አራተኛው ጓደኛ የበር ደወል 60 ጊዜ ካጋጠመው የበሩ ደወል ደወል ምን ያህል ጊዜ ነበር?
6,ሶሎይስ የታሪክ መማሪያ መጽሀፍ 7 ገጾች የጂኦግራፊ ትምህርቱ 8 ገጾች.ሰኞ ሰኞ ሰኞ ሶሎ 15 ገጾችን ያነባል.ንባቡን ለማጠናቀቅ ከ 4 ተጨማሪ ቀናት ቢኖረው በአማካይ ቀን ማንበብ አለበት?
26,"ጆን ከቁርስ, በምሳ እና እራት ጋር አንድ ብርጭቆ ውሃ መጠጣት ይወዳል.በመጨረሻም, ከመተኛትዎ በፊት አንድ ብርጭቆ ውሃ ይጠጣል.እሱ ይህንን ከሰኞ እስከ አርብ ነው, ግን በሳምንቱ መጨረሻ ዘና ለማለት ለስላሳ መጠጦችን ይመርጣል."
140,በየደረጃው ከተማዋን ለበርካታ 3 ማይሎች ለመሸፈን 10 ደቂቃዎችን ይወስዳል.ከተማው ከባህር ዳርቻው ተቃራኒ ወደ ተቃራኒው ጠርዝ ከ 42 ማይል ርቀት ከሆንች መላውን ከተማ ለመሸፈን ምን ያህል ደቂቃዎች ይወስዳል?
500,ፖም የ 1000 - የጃግ ጁዛሳ እንቆቅልሽ ይፈታል.በቦርዱ ላይ አንድ ሩብ የቆዳለች ሲሆን እናቷ ቀሪውን ቁርጥራጮቹን ሶስተኛውን ትሠራለች.ቁጭ ብለው ለመቀመጥ ስንት ክፍሎች ይቀራሉ?
20,ኮዲ አሚር እንደሚበላ ብዙ ኩኪዎች ሶስት ጊዜ ይመገባል.አሚር 5 ኩኪዎችን ከበላ.ምን ያህል ኩኪዎች ሁለቱንም አብረው ይመገቡ ይሆን?
72,ጆን 3 ሳጥኖች አሉት.እያንዳንዱ ሳጥን በ 6 ኢንች በ 6 ኢንች ነው.ግድግዳዎቹ 1 ኢንች ወፍራም ናቸው.የሁሉም 3 ሳጥኖች አጠቃላይ መጠን ምንድነው?
3,"ረቡዕ እሁድ, ጥቂት ደቂቃዎችን 30 ደቂቃ ይመለከታል.ሐሙስ, የቤት ስራውን ቀደም ብሎ ያጠናቅቃል እናም አንድ ሰዓት ተኩል ክፍልንም ይመለከታል.ከጠቅላላው ሰባት ሰዓታት ቴሌቪዥን ከተመለከተ ረቡዕ ምን ያህል የ 30 ደቂቃ ምዕራፎችን ያዙ?"
50,"ሄንሪ ለአካባቢያዊ ዳቦ መጋገሪያ ውድድር ኩኪዎች ናቸው.ያለፈው ዓመት ምን እንደተጋገረ በእጥፍ ይጨምራል.ቤኪንግ ሲከናወን ከፈለገ 15 ይበልጥ ኩኪዎችን እንደያዙት ተገንዝቧል.በማቀዝቀዣው ውስጥ 5 ኩኪዎችን ሲያደርግ, እሱም በጠቅላላው 110 ኩኪዎች አሉ."
28,"አንድ የአከባቢው ጋዝ ጣቢያው በአንድ ጋሎን $ 3.00 ዶላር ይሸጣል.በዚህ ጣቢያ የሚሙሩ ከሆነ የአስተማማኝ ኩባንያ $ 20 ዶላር የሚደርሰው.አንድ ሰው 10 ጋሎን የጋዝ ጋዝ ቢገዛ, ጋዝ ከመለያ ሽልማት በኋላ ምን ያህል ይሆናል?"
45,"ማርሴል እና ቢያትሊይ በጣም የፍራፍሬ ጥቅልል ​​ማን ሊበላው ማን እንደሚችሉ ለማየት ይወዳደራሉ, ስለሆነም የሚያገኙትን ያህል ክፍት ናቸው.እንደ አለመታደል ሆኖ አንድ ሰው ስህተት እና ቢትሪክ ሁለት ጥቅልሎች እና 24 ጥቅልሎች ርዝመት ያላቸው ሁለት ጥቅልሎች አሉት, ማርሴል 3 ሮሾች ሰፊ እና 14 ጥቅልሎች አሉት.ሁለቱም ምግብ በሙሉ ምግብ ቢመገቡ በአማካይ ምን ያህል ተበዙ?"
16,ሃያ እግሮቻቸውን ወደ ስድስት ሰከንዶች ያህል ወሰደ.የባህር ዳርቻው 64 ሰከንዶች ያህል ቆይቷል.ወደ ባሕሩ ዳርቻ ሲደርስ ጀልባዋ ምን ያህል ውሃ አላት?
24,"በክፍል ውስጥ አንድ የመማሪያ ክፍል በ 4 መምህራን በተጠቀመበት በ 4 መምህራን የተጋራ ነጭ ሰሌዳ አለው.እያንዳንዱ መምህር በቀን ውስጥ 2 ትምህርቶች አሉት እና በእያንዳንዱ ትምህርት ውስጥ ያለውን ነጭ ሰሌዳ ይጠቀማል.ነጩ ሰሌዳው በትምህርቱ ውስጥ 3 ጊዜ ካጸዳ, በቀን ውስጥ ነጩ ሰሌዳው ያጸዳል?"
25,ራያን እፅዋቶች 2 በአትክልቱ ውስጥ በቀን ውስጥ አበቦች.ከ 15 ቀናት በኋላ 5 ካላጠመቀ ምን ያህል አበቦች አሉት?
6,"የጄማልል ስልክ እንደ ብዙ ፎቶዎች እንደ ብሪታኒዎች ስድስት ጊዜዎችን ይይዛል.ብሪታኒ ከፍተኛው የፎቶዎች ብዛት 50 ጊዜ መያዙን የጄሚል የዱቄት ፎቶዎች ብዛት.የጄማል ስልክ 1,800 ፎቶዎችን መያዝ ከቻለ በ jamal ውስጥ ስንት ዲክዎች ውስጥ ስንት ዲክዎች ሊታዩ ይችላሉ?"
90,"ሳያ አንዳንድ እንጨቶችን ከገዙ በኋላ ላለፉት ጥቂት ወሮች የእንጨት ዋጋ በ 50 በመቶ እንደወጣ አስተዋለ.እሷ አንድ የቀረ እንጨት ነበራት, ስለሆነም ለመሸጥ ወሰነች.እያንዳንዳቸው ለአስር 2x4x4x10 ቦርዶች ነበሩት.እሷም እያንዳንዳቸው በ $ 16 ዶላር የገዛች አምስት 4x4x10 ቦርድ ነበራት."
42,ካቲ ቡና ከ 7:13 የሻይስ ማንኪያ ጋር አንድ ስኳር ለሸፈነ ውሃ ሬሾ ይሰጣል.ከጠቅላላው 120 የሻይ ማንኪያ ስኳር እና አንድ ኩባያ ውሃ የሚወስድ ከሆነ ምን ያህል የሻይ ማንኪያ እንደሚጠጣ ገምት.
360,ጆን ለእያንዳንዱ ሦስቱ ልጆቹ ሁለት ሁለት ጫማዎችን ገድሏል.ጫማዎች $ 60 ዶላር ያስወጡ.ምን ያህል ይከፍላል?
4,"በዋናው ቱፖርት ውስጥ, የጉምሩክ መኮንን የሁለተኛ ጊዜ ተሽከርካሪዎች 2 ካላፊዎችን, እያንዳንዳቸው 5 ተሽከርካሪዎች ይይዛሉ.በሚቀጥለው ቀን ወደብ ወደ 30 እስከ 30 ድረስ የሚገኙትን የተሽከርካሪዎች ብዛት ይዘው መጡ."
95200,"የአድሪያን አጠቃላይ ደመወዝ ከከፍተኛው ደሞዝ በላይ 30% ነው.ከአራት ዓመት በኋላ ደሞዙ ከአራት ዓመት በፊት 40% በላይ ጨምሯል.ሁለቱም የአድሪያን እና የላስቲል ደመወዝ በተመሳሳይ ጊዜ ቢጨምር, እና አድሪያን ከአራት ዓመታት በፊት ከ 40,000 ቀናት በፊት ገቢ ካገኘ በኋላ ደመወዛቸው ከአራት ዓመት በኋላ ምን ያህል ሊሆን እንደሚችል ገምት."
240,ሚጌል በየሳምንቱ ሁለት ወረቀቶችን በወረቀት ይጠቀማል.በእያንዳንዱ ሉህ ላይ 30 አንሶላዎች የወረቀት ወረቀት ካለ በየወሩ ስንት ሉሆች ይጠቀማል?
27,"ሞሪስሴቴ አምስት ፖም እና ስምንት ብርቱካን አምጡ, እና ካሊኤል ሁለት እጥፍ እና ግማሽ ያህል ብርቱካን አምጡ.በአጠቃላይ ስንት ፍሬዎች አሏቸው?"
48,ሰኞ ከሰኞ 8 ሰዓታት እተኛለሁ.በቀጣዮቹ ሁለት ቀናት ውስጥ የተወሰነ ሥራ ማጠናቀቅ ነበረባት ከ 2 ሰዓታት ያነሰ ትተኛለች.የቀረው ሳምንት ከእነዚያ ከሁለት ቀናት 1 ሰዓት በላይ ተኛች በሳምንቱ ውስጥ ስንት ሰዓታት ተኛች?
50,ሮዝ በሰዓት ከ 3 ሰዓታት በኋላ 10 ማይል ሊወስድ ይችላል.ከዚያ በኋላ 5 ማይሎችን ይሸጣል.በ 7 ሰዓታት ውስጥ ስንት ማይሎች መሮጥ ትችላለች?
10,"ጄኒ በእናቷ ቢሮ ውስጥ እየረዳች ነው.የታተመ 60 ፊደላት ክምር አላት, እናም ቀድሞውኑ የታተሙ ፊደላት ክምር አሏት.ማህተሞችን ለማታለል ከሚያስፈልጋቸው ፊደላት በአንድ ሶስተኛ ውስጥ ታስማለች."
10,"በኋላ, ባሏ አምስት አዳዲስ ማንኪያዎችን ገዝቶ ለጁሊያ ሰጣቸው.ጁሊያ ምግብውን ሲያዘጋጁ, ሦስቱን ማንኪያዎች ምግብን ለመቅመስ ተጠቅቷ ነበር.ከዚያም ጠረጴዛውን ለማዘጋጀት በሄደች ጊዜ በአጠቃላይ 12 ማንኪያዎች ነበሩት."
82,ዲላን በፓርቲው ውስጥ የሸክላ ቀሚሶችን ለመስራት የዶሮ ሰላጣ እና የዓሳ ስካራ ያስፈልጋቸዋል.ከ 30 ዶሮ ሳንኬዎች እና 6 ተጨማሪ የዓሳ ሰንሰለት ከዶሮው ሰንሰለት ገዛ.ዲላን ስንት ሰላጣዎች በጠቅላላው ገዙ?
120,ወደ አዲስ ትምህርት ቤት ከሄደ በኋላ ኤሚ ከሊሊ ይልቅ 20 ተጨማሪ ጓደኞች ነበሩት.ቢሊ 50 ጓደኞች ቢኖሩ ኖሮ ምን ያህል ጓደኞች እና ኤሚ አሏቸው?
880,"ዲሎሎን አራት በርበሬዎችን, 20 በርበሬዎችን እና 10 ብርቱካኖችን ለመግዛት ወደ ሱቁ ይሄዳል.እያንዳንዱ በርበሬ $ 15 ዶላር ቢያስወጣ ጠቅላላ ወጪው ምንድነው?"
10000,አንድ ሆስፒታል አንድ ቀን 500 ሰዎችን ያያል.እያንዳንዱ ታካሚ ለአማካኝ ለ 24 ደቂቃዎች ይታያል.ሐኪሞቹ በሆስፒታሉ ውስጥ $ 150 ዶላር የሚከፈሉ ሲሆን ሆስፒታሉ ህመምተኞቹን ከ 200 ሰዓት ውስጥ $ 200 ዶላር ይከፍላሉ.
30,ኒሳ በ 60 ወቅታዊ የመንደር ሱቆችን ከሚጫወቱት አባሪዎች ጋር ለመጫወት 60 ወቅታዊ ሠራተኞችን አካሄደዋል.አባ ጨጓሬዎቹ ሕፃናቱ ከተጠመቁ በኋላ ከቆዩ በኋላ ከጎኑ በኋላ 10 ከቀሪዎቹ አባጨጓሬዎች መካከል 10 ዎቹ ቀሪዎቹ አባጨጓሬዎች ከያዙ በኋላ ያቆማሉ.
940,"በሜይ, የዮሴፍ ወጪዎች 500 ዶላር ነበር.በሰኔ ወር ውስጥ 60 ዶላር ነበሩ.ለእነዚያ ለሁለት ወራት ድምር ምን ነበር?"
60,ፓም እና ፍሬድ ወደ ዳንስ ፓርቲ ተጓዘ.የዘንባባ ሮለር ኮርተር ሁለት ጊዜ ሄዶ ፍሬድ አራት ጊዜ ሄደ.ከዚያ እያንዳንዳቸው ከቁጥሩ ውስጥ ሁለት ጊዜ ለማሽከርከር ወሰኑ.እያንዳንዱ ጉዞ ስድስት ትኬቶችን ካስወገዱ በዚያ ቀን ስንት ትኬቶች ይጠቀሙ ነበር?
13,"ሰኞ ሰኞ ዋልት 4 ማይሎችን ይጓዝ ነበር.ማክሰኞ ማክሰኞ ሰኞ ሰኞ እስከ ብዙ ማይሎች ድረስ 6 ጊዜ ያህል ተጓዘ.ከሰኞ እስከ ረቡዕ, በጠቅላላው 41.10 ማይል ያህል ተጓዘ.ረቡዕ ምን ያህል ማይሎች ያህል ተጓዙ?"
720,"ቶም በወር 4 ጊዜ መኪናውን ያበጃል.እያንዳንዱ የመኪና ማጠቢያ $ 15 (U.S.) ከሆነ, በአንድ ዓመት ውስጥ ምን ያህል ይከፍላል?"
40,"የቢያን ጓደኛ, ቦቢቢ, አምስት ጥቂት የቪዲዮ ጨዋታዎች አሉት, አምስት ጥቂት የቪዲዮ ጨዋታዎች አሉት.ብራያን 20 የቪዲዮ ጨዋታዎች አሉት, ከንፅፅሩ በፊት 5 ቢያጠፋ ምን ያህል ነው?"
6,በዓለም ውስጥ 27 ብልቶች አሉ.አንድ ሶስተኛ የሚሆኑት በስኮትላንድ ደጋማ አካባቢዎች ናቸው.ሁለት ሦስተኛ ሦስተኛ የሚሆኑት የስኮትላንድ ወጥነት ያላቸው ሴቶች ሴት ናቸው.
29,"ሮሪ በ $ 7.50 ለእያንዳንዱ $ 7.50 እያንዳንዳቸው ለ $ 1.50 ዶላር እያንዳንዳቸው ከ 1.50 ዶላር እያንዳንዳቸው ከ 1.50,5 ቺፖች እያንዳንዳቸው ለ $ 1.00 $ 1.00 ዶላር.በሂሳቡ ውስጥ የ 20% የማቅረቢያ ክፍያ ታክሏል እና የ $ 5.00 ጉርሻ ማከል ፈለገች."
105,ማርቆስ ትናንት የ 75 የጥያቄ ሙከራን ወሰደ.ፈተናውን በ 5 ሰዓታት አጠናቅቋል.ዛሬ በተመሳሳይ መንገድ ሌላ 100 ጥያቄዎችን ወስ took ል.ሁለተኛውን ፈተና ለማጠናቀቅ የመጀመሪያውን ፈተና ለማጠናቀቅ 8 ሰዓቶች ከያዘ በኋላ ምን ያህል ጥያቄዎች አልተሳካም?
70,"ከረሜላ ማሽን ውስጥ ሰማያዊ የማረፊያ ከሚጠጡበት ጊዜ 22 ተጨማሪ ሮዝ እርሻዎች አሉ.12 ሰማያዊ የመርከብ ዋሻዎች ካሉ, ምን ያህል ሮዝ ማርስ hards አሉ?"
20,"ከ 20 የኪራይ መኪናዎች ውስጥ 12 አውቶማቲክ ናቸው.4 መመሪያዎች ናቸው, እና የተቀረው ደግሞ ከፊል ራስ-ሰር ነው.ከፊል-አውቶማቲክ ምን ያህል መቶኛ ናቸው?"
400,በአንድ ጎጆ ውስጥ 700 ንቦች አሉ.የሕፃናት ንቦች ስላሉ ብዙ ሰራተኛ ንቦች ሁለት እጥፍ እና ሁለት እጥፍ ሕፃናትን ሁለት እጥፍ ሕፃናት ንቦች አሉ.
140,ዮርዳኖስ ለ 2 ሰዓታት ለ 2 ሰዓታት የቪዲዮ ጨዋታዎችን ይጫወታል.እሱ ደግሞ ከአንድ ሰዓት $ 10 ዶላር የሚከፍል የትርፍ ሰዓት ሥራ አለው.ዮርዳኖስ በቪዲዮ ጨዋታዎችን በመጫወት በሳምንት ውስጥ ምን ያህል ገንዘብ ሊወስድ ይችላል?
16,"ጆን ወተት $ 2 ለ $ 3, ለ 3 ዶላር, ለ 3 ዶላር, ሙግዎች ለ $ 3, እና ለ $ 4 ዶላር ለ $ 4 ዶላር.በሁሉም የምግብ ባልሆኑ ዕቃዎች ላይ 10% ግብር ካለ, ሁሉም ነገር ምን ያህል ወጪ ያስከፍላል?"
20,"ኪም የራሱን የቤት ውስጥ ሥራ ንግድ ጀምረዋል እናም ከደንበኞቻቸው ምን ያህል ትርፍ እንደሚያደርግ ያሳልካል.እሱ ቀድሞውኑ 3 ደንበኞች አሉት, ግን እሱ ከ 5 ሌሎች ደንበኞች እያወራ ነው እናም በስሌቱ ውስጥ እነሱን ለማካተት በራስ መተማመን ይሰማቸዋል.እያንዳንዱ ደንበኛ ቤቱን ለማፅዳት ሁለት የሹክሹክቶችን እና የጨርቅ ጥቅል ይፈልጋል."
4000,ጆን 10 ሄክታር ቶክ.ፒ.ፒ.በሄክታር 100 ማኒፕስ ቦታዎች አሉ.የጆን አናናስ በየ 3 ወሩ ሊገኝ ይችላል.
"2,125","ጆኒ በክፍሉ ወለል ላይ መጫወቻዎችን እየወሰደ ነው.ወለሉ ላይ 500 ጓሮዎችን ያወጣል, እና ሌላኛው ደግሞ የ 500 ጓዶች ብዛት እና ሌላኛው የሎጎስ ብዛት ከሦስት እጥፍ የሚበልጥ.ጆኒ ሁሉንም ሌጎዎች ከወሰደ በኋላ ስንት ብሎኮች ይወስዳል?"
75,"ዴራ ጋሻዎች እንዴት እንደሚገቡ እና ቀኖቹን እንዴት እንደሚወጡ ትመለከት ነበር.በመጀመሪያዎቹ 6 ሰዓታት ውስጥ 30 ንቦች ጎጆውን ትተው ከ 6 ሰዓታት በኋላ ትቆማለች, ከዚያም ከንብማውያን መካከል ግማሹን ትመለሳለች."
30,ብሪኒ እናቷ ወደ ሙዚየሙ ሄዳለች.የመግቢያ ፈቃድ ለአዋቂዎች 12 ዶላር እና ለህፃናት $ 10 ዶላር ነው.የብሪታኒ እናት ገንዘብ ተቀባይ ለሆነ አንድ የሕፃን ትኬት እና ለአዋቂ ትኬት በጥሬ ገንዘብ ሰጠቻት.በምላሹ $ 8 ዶላር ከተቀበለች ገንዘብ ገንዘብ ሰጪውን ሰጠው?
16,ቻርሊ ብዙ የፌስቡክ ጓደኛዎች እንደ ዶሬር አላት.ጄምስ ብዙ የፌስቡክ ጓደኞች እንደ ዶሬር አላት.ቻርሊ 12 ፌስቡክ ጓደኞች ቢኖሩትም ጄምስ ስንት ስንት የፌስቡክ ጓደኞች አሉት?
4,"ስቲቭ እና ቲም ከትምህርት ቤት ወደ ቤት በፍጥነት ወደ ቤት መመለስ እንደሚችል ለማየት ወስነዋል.ስቲቭ ከቲም ረጅም መንገድ ይኖራል, ስለዚህ ብስክሌቱን እንዲያንዳት ተፈቅዶለታል.ስቲቭስ ከት / ቤቱ 3 ማይሎች ውስጥ 3 ማይሎች ይኖራሉ እና በደቂቃ ዑደት 440 ጫማ ሊባል ይችላል.ቲም ከት / ቤቱ 2 ማይሎች ውስጥ ይኖራል."
5,ሻዋንዳና የአካባቢያቸው ልጆች ከብስክሌት ፓምፕ አገልግሎት ተጠቃሚ ለመሆን ወሰኑ.እሷም ከመሽከርከሪያው ጎን መሮጥ በጣም ጥሩ መሆኑን ወሰነች.እያንዳንዱን ጎማ የሚሽከረከር 25 ሳንቲም ያስከፍላል.በመጀመሪያው ቀን 5 ብስክሌቶች ሁለቱንም ጎማዎች ወደ ፓምፖች መጡ.3 መንኮራኩሮቻቸውን በሙሉ ገዙ.
4,ካርል አስር ፓኬጆችን ኩኪዎችን ገዛ.እያንዳንዱ ኩኪዎች ፓስኩ በውስጡ ስድስት ኩኪዎች አሉ.እያንዳንዱ ኩኪ 0.10 ዶላር ያስከፍላል.ካርል $ 10 ዶላር ቢከፍል ምን ያህል መልስ አግኝቷል?
48,"ዲቭ ትልቅ ድንች ኬክ ገዛች እና በላ, የተራቡ ሳባሳ ወፍ ከአስራ አራት እጁ ከእጁ ከመሰረዝ አሥራ አራት አመት በፊት.የ Sabisaw ወፍ በተገለጸበት ጊዜ የድንች ኬክ ግማሹን በላ.ከዛም ሦስት ርግቦች አሳደዱት; እያንዳንዱም ርግን ሦስት ድንች ድንች በላ."
272,"ሰኞ ሰኞ, ረቡዕ እና አርብ, የኮሌጅ ተማሪ ኪሜ በቀን ሦስት የአንድ ሰዓት ትምህርት አለው.ማክሰኞ እና ሐሙስ, በቀን ሁለት ሁለት ሰዓት ትምህርቶችን አለው.በአንድ ሴሚስተር 16 ሳምንቶች ክፍሎች አሉ.በሴሚስተር ውስጥ ስንት ሰዓታት ኪምፖዎችን ይከፍላል?"
280,"ቢል መጋገር 300 ጥቅልሎችን, 120 ቾኮሌት ድንቢዮችን እና በየቀኑ በየቀኑ የ 60 ቦሆሎችን በየቀኑ.እያንዳንዱ ጥቅል 4 ኢንች ርዝመት ያለው ነው, እያንዳንዱ ክሪስስ 6 ኢንች ርዝመት ያለው ሲሆን እያንዳንዱም መነኩሲት ሁለት ጫማ ነው.ቢል ሁሉንም የተጋገረ ሸርተቶችን ሁሉ ማብቃት ቢኖርባቸውም እስከ መጨረሻው ምን ያህል የጫማ ርዝመት አላቸው?"
1400,"በየ 2 ወሮች ሁሉ ከአካባቢያዊው የእርሻ እርሻ ሁሉ ያዘዘዋል.ዝንጀሮዎች 200 ሙዝ ከፈለጉ, ጎሪላዎች 400 ሙዝ ያስፈልጋቸዋል, ጎሪላዎች በየወሩ 100 ሙዝ ያስፈልጋቸዋል, ለ 2 ወሮች ስንት ሙዛዎች ማዘዝ እንዳለበት ነው?"
80,"ብሌክ እና ኬሊ በ 15 ደቂቃዎች ውስጥ በፍጥነት መሮጥ የሚችልበትን ለማየት በሚደረገው ውድድር ውስጥ ናቸው.እነሱ በ 100-የጓሮ ረጅሙ የእግር ኳስ መስክ ላይ ለማድረግ ወስነዋል.ብሌክ ወደ 15 ጊዜ ወደ ኋላ ይሮጣል.ኬሊ እንደገና ትሄዳለች እና ከዚያ በኋላ ወደ ኋላ ትሄዳለች ከዚያም ከጫካው ቀጥሎ አጠገብ መሮጥ እንደማይፈልግ ወስነዋታል, ስለዚህ ይህንን 34 ጊዜ በማከናወን ነው."
34,"ራፋኤል አንዳንድ የትምህርት ቤት አቅርቦቶችን ለመግዛት ወጣ.እሱ ለ $ 1.5 ዶላር ለ $ 1.5, 2 የማስታወሻ ደብተሮች ለ $ 4 ዶላር እና ለ $ 20 ማስታወሻ ደብተር ገዛ.አርፋኤል በነገር ሁሉ ላይ ምን ያህል አሳልፈዋል?"
15,Finn በገንዳው ውስጥ 11 ፓውሊዎችን መዋወቷን ይመለከታል.በድንገት ስድስት ከስር ከስሩ ከስር ከወለደፉ በኋላ እና ከዚያ ሁለት መደበቅ ባለሙያው ስር ይሽከረከሩ.በገንዘቡ ውስጥ ስንት ስንት trans ሊገኙ ይችላሉ?
16,"The water tank is 17 feet deep on Monday. On Tuesday, the tank had 7 feet more water. On Wednesday, the water is two-thirds as deep as it was on Tuesday."
32,"አንኪን እና ሎክሲን ዛሬ ወደ ባህር ዳርቻው ሄዱ.አንኪን 10 ኮከብ ዓሳ, 6 የባህር ዳርቻዎችን እና 3 CLLINSISS ን ያዘ.ሎክሲን ከኤኪን ውስጥ 5 ያነሱ የባህር ጥፍሮች ከኤኪን እና ከ 2 ተጨማሪ ካራዎች ይልቅ ከ 2 ተጨማሪ ካራፊሽ ዓሳ ይልቅ ይያዙ."
92,"የእብነ በረድ ቦርሳ 20 ዶላር ከ $ 20 ከሆነ እና ዋጋው በየሁለት ወራቶች ከመጀመሪያው ዋጋ 20% ይጨምራል, ከ 36 ወራት በኋላ የመብላት ወጪ ምን ያህል ነው?"
50,"በአንድ ክፍል ውስጥ የተለያዩ አሻንጉሊቶች አሉ-5 ቀይ መኪኖች, 3 ዱባዎች እና አሻንጉሊት.አሻንጉሊት እስከ 3 ዱባዎች እና ቀይ መኪና $ 4 ዶላር ያስወጣል.ዱባ ከኤፈለገ ከ 5 ዶላር ዶላር ምን ያህል ዋጋ አለው?"
15,ጃኪ ስራውን እራሷን ለመስራት ወይም የሂሳብ ባለሙያውን ለመቅጠር ወይም ለመቅጠር እየሞከረች ነው.ሥራዋን ከሠራች አንዲት ሰዓት በ 35 ዶላር ማጣት ለ 3 ሰዓታት ያህል ለ 3 ሰዓታት ነፃ የመሳሪያ ስራ መሥራት ትችላለች.የሂሳብ ባለሙያው 90 ዶላር ያስወጣል.
77,"ኤቪቫራ ለ 30 ኛው የልደት ቀን ለ 30 ኛው የልደት ቀን ብዙ መለዋወጫዎችን በመጠቀም አዲስ ኮምፒተርን መርጣለች.ከጠቅላላው ቤተሰብ 1500 € € በጀት አላት እና ልብሶችን በትንሽ ገንዘብ መግዛት እንደምትችል ያስባል.ወደ ኮምፒተር ሱቅ ሄዳ በማያ ገጹ, ቁልፍ ሰሌዳ እና አይጥ ለ 1090 € ማሽን የመረጥሽ ማሽን መርጣለች.ለ € 74, ለ € 74, ለ 102 ለ CD መቃብር ገዛች."
5,የ Sandra ጎረቤት ሴት ልጃቸውን በምትመለከትበት ጊዜ ውስጥ 9 እንቁላሎችን ይሰጣል.የስፔን ብልጭልጭ ለማድረግ 3 እንቁላሎችን ይወስዳል.ሳንድራ ለት / ቤት ገንዘብ አሠራር 15 የስፔን ፍላቢያን እንድትሠራ ከተመደበው ሳንድራ ምን ያህል ጊዜ ልጅን መጠበቅ ነበረባት?
16,SEZ እንደ ብሩክ ሁለት እጥፍ ነው.በ 2 ዓመታት ውስጥ ጥምረት ዕድሜያቸው 28 ይሆናል.
18,ጂሚ እንደ ኢቴል ሁለት እጥፍ ገንዘብ አላት.ጂሚ $ 8 ከያዘ ምን ያህል ገንዘብ አለው?
120,ቅዳሜና እሁዶች በሳምንቱ መጨረሻ ቅዳሜና እሁድ ውስጥ 10 ማይል ሲራመዱ በቀን 20 ማይል ይራመዳል.በሳምንት ውስጥ ስንት ማይሎች ይራመዳል?
150,"የመዝጋት ባንድ አዳዲስ ዩኒፎርም እያዘዘ ነው.እያንዳንዱ የደንብ ልብስ $ 25 ዶላር ያስከፍላል.ጃኬቱ ኮፍያውን መጠን ሦስት እጥፍ የሚሆነው, እና ጥንድ ሱሪ የባርኔጣ እና ጃኬቱን ዋጋ."
1210,ጃክ በቲቶሎጂ ጥናት ሙዚየም በኩል እየተራመደ ነው.እያንዳንዳቸው ከ 8 እግሮች ጋር 80 ሸረጎች እያንዳንዳቸው ከ 6 እግሮች ጋር 80 ሸረሪቶች እያንዳንዳቸው እያንዳንዳቸው ከ 10 እግሮች ጋር ይቆዩ.
51,"በካርድ ውስጥ አራት ወፎች አሉ.አንድ ሳሊ ከአርሜት ቀይ ይልቅ ሦስት ዓመት ነው.አንድ ግራንዲ ቀይ እንደ ሳሊ አራት ሁለት እጥፍ ነው.አንድ ሳሊ አራተኛ ከሴሊ ስላሳ ሁለት ጋር ተመሳሳይ ከሆነ, ሳሊ ሁለት ስምንት ዓመት ልጅ ነው, የአራቱ ወፎች አጠቃላይ እድሜ ምንድነው?"
18000,"ጄሲካ በየወሩ ዕዳዎን ለመክፈል ምን ያህል እንደምትችል ለማወቅ እየሞከረች ነው.ዝቅተኛው ለት / ቤት ክፍያዎች $ 300 ዶላር ነው, ለዱቤ ካርዶች በወር $ 200 ዶላር እና ለአንድ ብድር ለአንድ ወር 500 ዶላር ነው."
95,"ድንች ሁሉም ተመሳሳይ መጠን ያላቸው ናቸው, ስለሆነም እያንዳንዳቸውን ለመቅረጽ እና ለእያንዳንዱ ሰው ተመሳሳይ መጠን ይወስዳል.ድንቹን ለመጣል አንድ ደቂቃ ተኩል ያህል ይወስዳል, ግን እነሱን ለመቁረጥ 5 ሰከንዶች ብቻ ነው."
15,"ሁዋን እና ወንድሙ ካርሎስ, ሎሚ ይሸጡ.ለእያንዳንዱ የሎሚ የሎሚ የሎሚ እና $ 2 ለስኳር 1 ዶላር ያስከፍላሉ.እያንዳንዱን ብርጭቆ በ $ 0.50 ይከፍላሉ እና ለእያንዳንዱ ጋሎን 20 ብርጭቆዎችን ያግኙ."
100,"ከ 240 እስያውያን ጋር በተደረገው ውድድር ውስጥ 80 ጃፓናዊ ነበር, በቻይንኛ ቡድን ውስጥ 60 ወንዶች ልጆች ቢኖሩ ኖሮ በቻይንኛ ቡድን ውስጥ ስንት ሴቶች ነበሩ?"
350,"ዚድ ከ 1/4 ደሞዙን በኪራይ 1/3 በመኪና ነዳጅ ላይ ሲሆን ሌላኛው ደግሞ በሚወደው በጎ አድራጎት ላይ.ለልጅቱ ሳምንታዊ ወጪዎች እና ለሚስቱ ሸቀጦች እና ለሌሎች የቤት ዕቃዎች $ 700 ዶላር ይሰጣል.ዚድ በወር 6,000 ዶላር ካገኘ ከእነዚህ ወጪዎች ሁሉ በኋላ ምን ያህል ገንዘብ ይኖረዋል?"
122,"ራኢ ከአስር ተጨማሪ ሽሪምፕዎች አሏቸው, ከ BO ቦትራት ይልቅ አራት ያነሱ ሽሪምፕ ካለዎት.በሶስት የቦም 40 ሽሪምፕ ውስጥ ያለውን የሽሪምፕ ብዛት ይቁጠሩ"
130,"ሎይድ በሂሳብ ትምህርቶች $ 10 ዶላር ገቢ አገኘ.በመጀመሪያው ሳምንት 5 ሰዓታት እና ሁለተኛው ሳምንት, 8 ሰዓታት."
20,ሁለት እጩዎች በሦራ ትምህርት ቤት ለመማሪያ ተወካይ እየሮጡ ነው.አሸናፊው ከድምጽ 3/4 ከኤ.ፒ.ዲ.
160,"ሳንድራ, አንጥረኛ, ፍሬድ ባልተሸፈነ ማቅረቢያ ደስተኛ አይደለችም.ሳንድራ ሶስት ነጭ ቀይ አበቦችን አዘዘ.በተጨማሪም 2 ሮዝ አበባዎችን ታዘዘች;5 ነጭ አበባዎች;እና አበቦች.ሳንድራ አበቦቹን በ 5 ሰዓት የማይቀበሉትን ያበረታታል, አድራሻዋን ትለውጣለች."
23,ጃን ከቆርቆር በላይ ሁለት ዓመት ነው.ከሁለት ዓመት በፊት ማርቆስ ለአምስት ዓመታት እንደ ጃንዋሪ ግማሽ ነበር.ጃን 30 ከሆነ ጃንማን ዕድሜው ስንት ነው?
2,ሁለት ሯጮች ከ 400 ሜትር ውድድር ውስጥ ናቸው.በእያንዳንዱ ቡድን ውስጥ እያንዳንዱ ቡድን 400 ሜትር ወይም በአንድ መደበኛ ትራክ ላይ አንድ ሰው አቋም አለው.አንድ ቡድን በጣም የተዘጋጀ ሲሆን እያንዳንዱ አባል በ 55 ሰከንዶች ውስጥ 400 ሜትር ያካሂዳል.
25,ጄሪ ስድስተኛ ጎን ስደተኛ ይሞታል.ከ 3 በላይ የሚሆኑት ከ 3 በላይ የሚሽከረከሩ (መቶኛ (እንደ መቶኛ) ሁለት ተከታታይ ቁጥሮች ከሚሽከረከሩበት ጊዜ ጋር ምን ያህል ነው.
30,ዮና እና እናቷ ከአፕል ኦርሜድሮቻቸው ጋር አንዳንድ ፖም የመረጡት እናቷ 20 ፖም ከነበረች ጊዜ ጀምሮ ግማሽ ያህል ፖም በመረጥኳቸው ጊዜያት ስንት ፖም ነበሩ
5,ራስል በፔትፔስ መደብር ውስጥ ይሰራል እና በባቲዎቹ መካከል ገለባዎችን በማሰራጨት ላይ ነው.አይጦቹ በ 3 ክፍሎች ውስጥ በእኩል ቡድን ውስጥ ይቀመጣሉ እና እያንዳንዱ አይጥ 6 ቁርጥራጮች ይሰጣል.ብቻቸውን የሚቀመጡ 10 ትናንሽ የእንስሳት ክፍሎች አሉ እና እያንዳንዱ ትናንሽ እንስሳ 5 ገለባ ተሰጥቷቸዋል.
106,ማንዲን ከ 100 ዶላር $ 100 ዶላር.እነሱ በ 2% ወርሃዊ ፍላጎት ተስማምተዋል.ከ 3 ወር በኋላ ማዳደር ከቻለ በኋላ መክፈል ከቻለ ምን ያህል ዕዳ አለብኝ?
50,"አንድ ነጋዴ ከረጢት $ 20 ቦርሳዎች ውስጥ የተወሰኑ ሻንጣዎችን ገዛ.እያንዳንዱ ቦርሳ ከሜዳ ወደ መጋዘን ለመጓጓው $ 2 ዶላር ካወጣ, እና ነጋዴው ሁሉንም ሻንጣዎች እያንዳንዳቸውን ከ $ 30 ዶላር ይሸጣል እና $ 400 ዶላር ያህል ጥቅም ላይ ሠራው?"
34,ሦስት ጓደኞች ለ 3 ትኬቶች ለ 3 ትኬቶች ለ 3 ትኬቶች ለ 3 ቱ ትኬቶች እና $ 4.50 ለቲኬቱ ዋጋ በታች ነበር.ደግሞም ሁለት የተለያዩ መኪኖች እያንዳንዳቸው በ 33 ዶላር ሄዱ.ወጪዎቻቸውን በእኩል ደረጃ ለመክፈል ከተስማሙ እያንዳንዱ ሰው ምን ያህል ያስከፍላል?
360,"ዮሐንስ ለሶስት ሰዓታት ኮከን ሰበሰበ.በደቂቃ ውስጥ 2 ኮኮዎችን መሰብሰብ ይችላል, ምን ያህል ኮኮቶች ይሰበስባል?"
5,ዳክዬዎች በሳምንት ውስጥ 3.5 ፓውንድ ነፍሳት መብላት አለባቸው.ለ 10 ዲክዎች መንጋ የሚሆን ስንት ዲቶች ስንት ፓውንድ
91,በዓመት 10 ዛፎች ለ 10 ዛፎች.በዓመት 2 ዛፎችን ይቆርጣል.በ 50 ዛፎች ተጀምሯል.ከ 10 ዓመት በኋላ 30% የሚሆኑት ከዛፎች መካከል 30% የሚሆኑት ሞተዋል.ስንት ዛፎች ይቀራሉ?
24,አርብ ጠዋት ጎረቤቶቹ ከፊት ለፊቱ 18 ሮዝ የፕላስቲክ ፍላጆችን አደረጉ.ቅዳሜ ጠዋት ጎረቤቶች ከሱ ሾሞቹ አንድ ሶስተኛ ወስደው ነጭ ቀለም የተቀባቸው ነጭ ፍላጆቹን ወደ ፊትው ግቢው ውስጥ ተመልሰዋል.ከዚያ እሁድ ጠዋት ጠዋት ሌላ 18 ሮዝ ፕላስቲክ እንሽላሎችን ወደ ስብስቡ አክለውታል.
10,ቫርሴታ አዲስ እርሳሶችን ለመግዛት ይፈልጋል.እሷ በ 5 የተለያዩ ቀለሞች ውስጥ ትፈልጋለች እናም ለዚህ ግ purchase $ 20 ዶላር አዘጋጅቷል.እርሳስ ቀለም $ 2 ዶላር ያስወጣል.ምን ያህል መልስ ትገኛለች?
12,እርሳሶች እርሳሶች እና ብዕር ይሸጣሉ.እርሳሶች 1.20 ዶላር $ 0.30 ዶላር ያወጣል.8 ብዕር ምን ያህል ነው?
120,በአንድ የተወሰነ ከተማ ውስጥ ወደ 40 ሬሳራቦች እንዲሰራጩ 200 ፓውንድ ካሮት.እያንዳንዱ ምግብ ቤት 2 ፓውንድ ካሮት ይቀበላል.ምን ያህል ፓውንድ ካሮቶች አይጠቀሙም?
6277,በሶዳ ከተማ ውስጥ በትክክል 23786 ነዋሪዎች አሉ.እነሱ 8417 ወንዶች እና 9092 ሴቶችን ያካትታሉ.የተቀረው ህዝብ የልጆችን ያቀፈ ነው.
320,በሁለተኛው ወር ከመጀመሪያው ወር በታች 20 ያነሱ ካርዶችን ሰብስበዋል;በሦስተኛው ወር ውስጥ በመጀመሪያውና በሁለተኛው ወራት ውስጥ እንደ ብዙ የፖክሞን ካርዶች ተሰበሰቡ.አሁን ስንት የፖክሞን ካርዶች አሁን በጠቅላላው ይይዛሉ?
7500,"ማርቆስ ማረጋገጫ ሰጭ ነው.ለእያንዳንዱ ለእያንዳንዱ ዓረፍተ ነገር የተለየ ገንዘብ ይከፍላል, እያንዳንዱ ለእያንዳንዱ ሳምንት የእኩል ዓይነቶችን ያነደባል.የአታሚ ቢ ለአትዋቱ ብዙ እጥፍ ይከፍላል ሀ"
55,"በየማለዳው በየማለዳው 5 ባልዲዎች እና በየቀኑ ከሰዓት በኋላ 6 የተቆራረጠ ውሃ.እያንዳንዱ ባልዲ 5 ሊትር ውሃ ካለው, ስንት ሊትር ውሃ በቀን ያገኛል?"
"114,200",ጆን በሥራ ቦታ ሽልማት አገኘ.ሽልማቱ ከ $ 5000 ዶላር እና ከ 5% የደመወዝ ጭማሪ የአንድ ጊዜ የገንዘብ ሽልማት ጋር ይመጣል.በሳምንት 2000 ሰዓታት ከሠራ በኋላ እና በአመቱ የመጀመሪያ ቀን ሽልማቱን ከተቀበለ በዚያ ዓመት ምን ያህል ገንዘብ አደረገ?
100,"ጆሲ በአስር ሄክታር ሴራ ላይ ወይን ይወድቃል.እያንዳንዱ ኤከር በዓመት 5 ቶን ወይን ፍሬዎችን ያፈራል, እና እያንዳንዱ ጣቶች ሁለት ወይኖች 2 በርሜሎችን የወይን ጠጅ ያመርታሉ.እርሷ እርሻዋን ስንት የጌጣጌጥ ፍሬዎች አንድ ዓመት ያፈራሉ?"
31,ካርል ተወዳጅ ምግብ አይብ ነው.በዚህ ሳምንት ምሳ በየቀኑ አንድ ሳንድዊች በላ እና በእያንዳንዱ ሳንድዊች ላይ 2 ቁርጥራጭ አይብ ነበር.በሳምንት 3 ቀናት አይበዛ እና እንቁላል ለቁርስ የሚበዛ ሲሆን ከመጀመሪያው ጀምሮ በየቀኑ አንድ ትልቅ ቁራጭ ተጠቅሞበታል.ለአንድ ሳምንት ያህል ለማክጃሮን እና አይብ ምግቦችን አደረጋቸው እና በእነሱ ውስጥ 8 ቁርጥራጮችን ተጠቅሟል.
98,ጃኔት 22 አረንጓዴ እርሳሶች እና 10 ቢጫ እርሳሶች ነበሩት.ከዚያ 6 የሰማያዊ እርሳሶችን እና የቀይ እርሳሶችን ከ 2 ቦርሳዎች ገዛች.በእያንዳንዱ ሰማያዊ ቦርሳ እና በእያንዳንዱ ቀይ ቦርሳ ውስጥ በእያንዳንዱ ሰማያዊ ቦርሳ ውስጥ 9 እርሳሶች ነበሩ.
98,"ብሪሌይ በአቶ የቡር የሂሳብ ክፍል ውስጥ ነው.ሚስተር ባር በየሴሚስተር ስድስት ፈተናዎችን ይሰጣል.ተማሪዎች ከአማካይ እያንዳንዱ ሴሚስተር በታች እንዲጨምሩ ያስችላቸዋል.ብሪሊ በአንደኛው አምስት ፈተናዎች ላይ 99,71,92,92,92,92,92,92,92,900 እና 86 አለው, ለአማካይ 93 ለማግኘት በስድስተኛው ፈተና ምን ያህል ውጤቶች ያስፈልጋሉ?"
860,"ማይክል ብስክሌት ይወዳል.በሳምንት ቢያንስ 5 ጊዜ እና 25 ኪሎ ሜትር ይወስዳል.ይህንን ለአራት ሳምንታት አደረገ.ከዚያ በሳምንት 2 ጊዜ ወደ ዑደት ለመሄድ ወስኗል ነገር ግን ለ 60 ኪሎሜትሮች ብቻ ነው, እናም ያንን ለ 3 ሳምንታት አደረገ."
2600,"የሀሎዊን ከረሜላ ከረሜላ ቦርሳ 25 ቾኮሌቶች እና 80 የታሸጉ ፖም አሉት.እያንዳንዱ ካሬ የቸኮሌት ቸኮሌት የእያንዳንዱ አፕል መጠን ሁለት እጥፍ ነው.እያንዳንዱ ካሬ የቾኮሌት ቸኮሌት ከ 40 ግራም ቢመዝስ, የጆኒ የረመቢ ሻንጣ ምን ያህል ግራም ይመዝናል?"
76,"ሰኞ ሰኞ, ሮዝ ወደ ሱቁ ሄዶ አራት ኬክን ገዛ.ማክሰኞ ማክሰኞ ወደ ሌላ ሱቅ ሄዳ ብዙ ቂጣዎችን ገዛች.ረቡዕ ቀን ወደ ሌላ ሱቅ ሄዳ ማክሰኞ ማክሰኞ ብዙ ኬክዎችን ገዛች."
145,"እያንዳንዳቸው $ 6,000 ዶላር የሚሸጡ ሃያ አሥራ ሁለት አሥራ ሁለት ደርሷል.የእያንዳንዱ ኩባያ ጠቅላላ ግዥ ዋጋ ይሰላል"
10,"ሣራ አዲስ ጃኬት እና 2 ጥንድ ጫማዎችን መግዛት ትፈልጋለች, ጃኬቱ $ 30 እና እያንዳንዱ ጥንድ ጫማዎች $ 20 ዶላር ያስወጣል.ሣራ የጎረቤቱን ልጆች ትጠብቃለች, እናም ትይዛለች.ሳርዋን ስትዘራ ወላጆ her $ 4 ን ትከፍላለች, ሣራ ሕፃኗን ከመጀመሯ በፊት 10 ዶላር ካሸነፈ, ጃኬቷን እና ጫማዋን ከማርሷ በፊት ምን ያህል ጊዜ ትገዛለች?"
4,"ጄሪ የዶሮ መንጋ አለው.ቀይ ዶሮዎች በቀን 3 እንቁላሎችን ያመርታሉ, እና የነጭ ዶሮዎች በቀን 5 እንቁላል ያመርታሉ.ጄሪ በቀን 42 እንቁላሎችን ሰበሰበ.ከቀይ ዶሮዎች የበለጠ ሁለት ተጨማሪ ዶሮዎች ካሉ ምን ያህል ቀይ ዶሮዎች አሉት?"
5,"ጋሪ በአከባቢው መናፈሻ ዙሪያ መራመድ ይወዳል, ይህም በ 6 ማይሎች ውስጥ 1.5 ማይልስ ካሬ ልካ ነው.በሰዓት 3 ማይል ርቀት የሚሄድ ከሆነ ምን ያህል ሰዓቶች መራመድ ያጠፋል?"
250,በዶላር መደብር ውስጥ ሳውጋር ወደ ሱቁ ሲገቡ 100 ደንበኞችን ቆጠረ.በሚቀጥለው ቀን ከመጀመሪያው ቀን በላይ 50 ተጨማሪ ደንበኞችን ቆጠረች.በሦስተኛው ቀን ከ 500 የሚበልጡ የደንበኞች ብዛት 500 ከሆነ በሦስተኛው ቀን ስንት ደንበኞች ነበሩ?
8,"ጄሪ ሁለት ገንዳዎች አሏቸው, ይህም በደቂቃ በ 4 ጋሎን ውስጥ እየጣሩ ነው.ከ 4 ደቂቃዎች በፊት ትላልቅ ገንዳው እንደ ትናንሽ ገንዳ ሁለት እጥፍ ያህል ያህል ነበሩት.አሁን ትልቁ ገንዳ እንደ ትናንሽ ገንዳዎች ብዙ ውሃ አላቸው."
44,ሎሪ $ 320.00 ጫማዎች እና $ 32.00 የሚዛመዱ ቀበቶዎችን መግዛት ይፈልጋል.የእሷ የትርፍ ሰዓት ሥራ ከ 8.00 አንድ ሰዓት ይከፍላል.ግ purchase ን ከማድረግዎ በፊት ምን ያህል ሰዓታት መሥራት ይኖርባታል?
220,ጃኔት $ 2000 ዶላር ተበደር እና 10% ተጨማሪ ገንዘብ ለመክፈል ቃል ገብቷል.በወር $ 165 ዶላር ለ 12 ወሮች ከከፈሉ ጃኔት ሚዛን ምንድነው?
15,በአበባሱ ውስጥ 4 ጽጌረዳዎች አሉ.በአበባሱ ውስጥ ከሮሽ በላይ 7 ዳህሌዎች አሉ.በጠቅላላው በአንጀት ውስጥ ስንት አበባዎች አሉ?
45,"አድሪያን ከብርያ ሦስት እጥፍ ነው, እና ሃሪኔት እንደ እርሻው ግማሽ ያህል ነው.ሃርሪስት አሁን 21 ዓመቱ ከሆነ የሦስቱ አማካይ ዕድሜ በሦስት ዓመት ውስጥ አስላ."
54,በቦርዱ ጨዋታ ውስጥ አራት ተማሪዎች በአጠቃላይ 251 ነጥቦችን አስመዝግበዋል.ኑኃሚን 68 ነጥቦችን አስመዘገበ.ዩሪ ኑሚንን እና ብሪያን በ 17 ነጥብ ውጭ ያደገው ዩሪ በ 10 ተኩል ነጥቦች ላይ ጁዮን በተሰነዘረበት ጊዜ.
70,"ካርመን የእንቆቅልሽ እንቆቅልሽ እና የቁጥር እንቆቅልሽ ለማጠናቀቅ 5 ደቂቃዎችን ወሰደ.ቅዳሜና እሁድ, የ 3 ቃላት እንቆቅልሾችን እና 8 ቁጥር እንቆቅልሾችን ፈትታለች.እነዚህን ጨዋታዎች በመጫወት ምን ያህል ጊዜ አሳለፈች?"
90,ብሬይን አነስተኛ የአትክልት ስፍራዋን ለማጠጣት ከ 90 ሊት ውሃ ውሃን ይጠቀሙ ነበር.ከዚያ በኋላ ሁለት እጥፍ የሆነ የዝናብ ውሃ መሰብሰብ ችላለች.አሁን ባለው የውሃ ማጠራቀሚያ ውስጥ ስንት ሊትር ውሃ አለ?
140,አኒዎች እፅዋት ከ 90 የሚደርሱ እጽዋት እና 40 ወይም 40 ወይም ከዚያ በታች የሆኑ የተለያዩ ባለቀለም አበቦች.ስንት አበባዎች በጠቅላላው ይተርፋል?
20000,"አንድ ኩባንያ ለአንድ ዓመት በማስታወቂያ ላይ 15,000 ዶላር ያወጣል.ከዚያ ለሌላ ዓመት በማስታወቂያ ላይ ያንን ገንዘብ አንድ ሶስተኛውን ያሳልፋል.ለሁለት ዓመት በማስታወቂያ ላይ የሚያሳልፉት ጠቅላላ መጠን ምንድነው?"
180,"ካርሎስ እና ቤኒጂ በባህር ዳርቻ ላይ ናቸው.ካርሎስ በ $ 30 አንድ ሰዓት ጀልባ ጀልባውን ይከራከራሉ, እና ቤንጂ የቲህ ጀልባ ለ 18 ሰዓት ያህል ለ 18 ዶላር ጀልባ አገኘ.ካርሎስ ጀልባውን ለ 3 ሰዓታት የሚጠቀም ከሆነ ቤኒ ከ 5 ሰዓታት ውስጥ ፓድዲውን ይጠቀማል, ለኪነታቸው ምን ያህል ይከፍላሉ?"
9,እንድርያስ ከአዳዲስ ጀርሲ ወደ ሮቸስተር የመንገድ ጉዞ አቅ plans ል.ከአዳዲስ ጀርሲ ወደ ሮቸስተር በመኪና ለመጓዝ በአውቶቡስ እና በግማሽ ቀን ለመጓዝ 6 ቀናት ይወስዳል.እሱ በአውቶቡስ ወደ ሮኬተር ለመሄድ እና ከመኪናው ለመመለስ ካወጣ በኋላ ከሮክስተር ሲመለስ ስንት ቀናት ይወስዳል?
33,"ጄምስ ፖክሞን ካርዶችን እየቆጠረ ነው.እሱ 30 የእሳት አደጋዎች, 20 ዓይነቶች የሣር ዓይነቶች, 40 ዓይነት የውሃ ዓይነቶች አሉት.8 ዓይነቶችን ውሃ የሚያመለክት እና 14 ዓይነት ሳር ቢገዛ በዘፈቀደ የተመረጠው ካርድ (ያልተለመደ ቁጥር ቅርብ) የውሃ ዓይነት ምንድነው?"
9,"ቻድ ለእራት የተሠራ ዲስክቶን ለምሳ እንዲታዘዝ አዘዘ.መሰረታዊ ቡሩሪዮ 6.50 ዶላር ነው.ለ $ 1.00 ዶላር, ለአ voc ካዶ ለ $ 1.00 ዶላር, እና 2 ቁርጥራጮችን ለ $ 0.25 ዶላር ለማግኘት ለ $ 1.00 ዶላር ተጨማሪ አይብ, ነገር ግን ለግማሽ 3.00 ተጨማሪ $ 3.00 ተጨማሪ $ 3.00 ተጨማሪ $ 3.00 ን ለመጨመር ወሰኑ.ለመክፈል የሚጠቀሙ $ 5.00 የስጦታ ካርድ አላት, ስለሆነም አሁንም ምን ያህል እዳዋን?"
1,ካሊንዳ ከእናቷ ጋር በ 360 ቁራጭ እንቆቅልሽ ላይ እየሰራች ነው.ኪሊንዳ በመደበኛነት በደቂቃ 4 ቁርጥራጮችን ሊጨምር ይችላል.እናቷ በየነስተኛ ቁርጥራጮችን ያህል እንደ ካሊንዳ በበለጠ ቁርጥራጮችን ሊያስቀምጥ ትችላለች.ይህንን እንቆቅልሽ ለማጠናቀቅ ስንት ሰዓታት ይወስዳል?
21,"አሽሌቅ ከሁለት ወራት በኋላ ወደ ሜዳው ወደ እርሻው ሄዶ ከዛፉ ውስጥ 30% የሚሆኑት ሀሳዎች ለመከር ዝግጁ መሆናቸውን አገኘ.እሷም ወደ ቤት ወሰዳቸው, እና ከሁለት ሳምንት በኋላ ስትመለስ ቀሪዎቹ ሃዛዎች ሶስት አራተኛ ነበሯት, እናም እሷን ተካፈሏት."
"276,000","ማርቆስ ለኩባንያው 12 መኪናዎችን ገዛ.እያንዳንዱ መኪና ለ 20,000 ዶላር ሸጠ.በመኪናዎች ላይ 10% ግብርን ከፍሏል እና ከዚያ ለእያንዳንዱ $ 1000.ለሁሉም ነገር ምን ያህል ይከፍላል?"
50,"ምዝግብ ማስታወሻዎችን ለመሰብሰብ ኬሊ እና ሮበርት ወደ ባህር ዳርቻ መሄድ ያስደስታቸዋል.ሰኞ, ካይሊ ከሮበርት አምስት በላይ ከሮበርት አምስት. 20. ማክሰኞ ማክሰኞ ሰኞ እንዳትሠራው ሁለቴ ምዝግብ ማስታወሻዎችን ተሰበሰበ."
75,"DAX አንዳንድ ፖም ለመምረጥ ወደ እርሻው ሄዶ በአትክልቱ ስፍራ ውስጥ ግማሽ የሚሆኑ ጉንዳኖች ተገኝቷል.50 ጉንዳኖች ካሉ, በአትክልቱ ውስጥ ያሉትን የነፍሳት ብዛት ብዛት ይቁጠሩ."
12,በበረዶ ውስጥ 36 ፔንግዊን የፀሐይ ዳርቻዎች አሉ.ከእነሱ አንድ ሶስተኛ የሚዘጉ እና በውቅያኖስ ውስጥ ይዋኙ.ሌላ ሶስተኛ ለመመገብ ዋሻ ውስጥ ይግቡ.ስንት ፔንግዊኖች አሁንም የፀሐይ መጥፋፋት ናቸው?
21,ስቲቭ ብዙ ቲማቲሞችን መመገብ ለመጀመር ወስኗል እናም የራሱን ቼሪ ቲማቲም ለማሳደግ ወሰነ.እሱ ከሴት ጓደኛው ሁለት እጥፍ ይበላል.እሱ በቀን 6 ይበላል.
10,"ጆን አንዳንድ ፒዛዎቻችንን ከጓደኞቹ ጋር እንዲካፈሉ አዘዘ.በጠቅላላው 20 ጓደኞች አሉ, እናም ዮሐንስ እያንዳንዳቸው 4 ቁርጥራጮች ሊኖራቸው እንደሚችል ማረጋገጥ ይፈልጋል.ፒዛዎች ብቻ የሚሸጡት በ 8 ቁርጥራጮች ውስጥ ነው.ዮሐንስ ምን ያህል ፒዛዎች ማዘዝ እንዳለበት ይፈልጋል?"
31,ከአምስት ባዶ የእድል እስክሪቶች ጋር በመቀላቀል እና ሙሉ እርሳስ በማቅረብ ገንዘብ መቆጠብ እንደሚችል ያውቅ ነበር.25 ጡባዎችን ከገዙ በኋላ አዲስ እርሳሶች አዲስ እንዲሆኑ ከተጠቀመባቸው ምን ያህል እርሳሶች ይቀራል?
90,"ጆኒ የ $ 20 ሂሳብ ወስዶ 10 ዶላር ጨመረ.ከዚያ በኋላ በዚህ ወቅት ይህንን ገንዘብ ተጠቅሟል, ይህም በአንድ ዓመት ውስጥ ነበር.ከአንድ ዓመት በኋላ ምን ያህል ገንዘብ ነበረው?"
68,"ማርያም ከጆአአን ሁለት ዓመት ታናሽ ብትሆን ከእሴይ ከአምስት ዓመት የምትበልጥ ትሆናለች, ስለሆነም ጄሲ ከ 20 ዓመቱ ከሦስቱ ሴቶች ዕድሜያቸው ስንት ነው?"
280,"በትምህርት ቤቱ ካምፓስ ውስጥ ያሉ ተማሪዎች ብዛት 1000. ካምፓስ ሀ, ቢ እና ሐ ነበረው. ከስብሰባው ተማሪዎች ውጭ ከህንፃው መውጫ 1/5 የሚወጡ ከሆነየተቀረው በወጣው በኩል ይወጣል ለ, እና የተቀረው ከመለያው በኩል ይውጡ ሲ, መውጫ ሲተው የሚሄዱ ተማሪዎችን ቁጥር ይገምግሙ ሐ?"
21,"ጄምስ ከሮበርት ይልቅ 6 ተጨማሪ ሻማዎች አሉት.ጆን እንደ ሮበርት ሁለት እጥፍ ከረሜላዎች አሏቸው.ጆን 54 ሻና ካለው, ከያዕቆብ የበለጠ ዮሐንስ ምን ያህል ከረሜቶች አሉት?"
6,ዶሊ ሁለት መጽሐፍት አላት.ፓንዶራ አንድ አለው.እና ዶሊ እና ፓንዶራ የእኛን ጨምሮ የእያንዳንዳችንን መጽሐፍት ቢነበብ አብረው የሚያነቡ ስንት መጽሐፍቶች ናቸው?
3,"ማይክ ከ 5 ደቂቃዎች ጋር የብዕር ጓደኛ ነበረው.ከሩህ ጋር የብዕር ጓደኝነትን ሰበረ.እያንዳንዳቸው በሳምንት 2 ፊደላትን ይልካሉ, እያንዳንዱ 5 ገጾች ረዥም.እሱ በትህትና መልሳቸው በየ 6 ደቂቃው አንድ ገጽ መጻፍ እንደሚችል በትህትና ይመልሳል."
250,"ጄሰን በወር ውስጥ 1000 ደቂቃዎች የስልክ ፓኬጆች አሉት, በየቀኑ ለ 15 ደቂቃዎች አለቃውን ይነግረዋል.እናም በዚህ ወር ከሌላ ሰራተኛ ጋር ተጨማሪ 300 ደቂቃዎችን አሳለፈ.በዚህ ወር 30 ቀናት ቢኖረው, ጄሰን ስንት ደቂቃዎች ትቷል?"
20,"ግሪፊን 24 ድንች ቺፕስ ነበረው, ግን ካይል አምስት ወሰደ.ቢሊ ካይል ሁለት እጥፍ ወስ took ል.ዝንጅብል ግሪፊን ሙሉ በሙሉ የራሷ ድንች ቺፕስ ቺፕስ ሰጠው, ከዚያም ኮሊቢ ከግሪኪው ያነሱ ከቁሪክኛ ከቁሪክኛ ከቁሪክ ​​ጋር ተቆጣጠረ."
7,"በአንድ ገንዳ ውስጥ 4 ኮርሞኖች አሉ, እና በሌላ ገንዳ ውስጥ 32 ቱ ሰራሽ አሉ.በሁለቱ ገንዳዎች ውስጥ ያሉ ኮርሞኖች ብዛት ያለው ልዩነት በሁለቱ ገንዳዎች ውስጥ የዓሳ ቁጥር ሁለት እጥፍ ነው.ሁለቱም ገሮች ተመሳሳይ ቁጥር ያላቸው ዓሳ ቢኖራቸው, በእያንዳንዱ ገንዳ ውስጥ ስንት ዓሳዎች ይሆናሉ?"
27000,የጄን የመዋቢያ አርቲስት በሰዓት 250 ዶላር ከፍ ብሏል.ለፊልሟ በረሃም እሷ በጣም ውድ ሜካፕ ያስፈልግ ነበር እናም በየቀኑ በየቀኑ እና በሳምንት 4 ጊዜ ለማድረግ 6 ሰዓቷን ወሰደች.ፊልሙ ለማጠናቀቅ 5 ሳምንቶች ወስ took ል.ፊልሙ ከተደረገ በኋላ የመዋቢያ አርቲስት ጄን ለሥራው 10% ቅናሽ ሰጠው.
32,"ኢዛቤላ ለታናሽ እህት የልደት ቀን ድግስ ግብዣዎችን ገዛች.ለኬክ ንጥረ ነገሮች 12 ዶላር አገኘች.$ 43 የልደት ቀን ስጦታ.$ 15 ለጌጣጌጦች.ለግሬዎቹ ትናንሽ ስጦታዎች ለተጋባቸው ትናንሽ ስጦታዎች.በሁለቱ ወላጆቻቸው እና በሶስቱ ከወላጆ and እና ከሶስቱ ወንድሞና እህትዎ መካከል በእኩልነት አከፋፈሏት, እያንዳንዱ ስንት ዶላሮችን አሳልፈዋል?"
300,ኩራሹን 4 ሻንጣዎች ገዝቷል.እያንዳንዱ ቦርሳ 50 ፓውንድ ይመዝናል.አንድ ፓውንድ ሽንኩርት $ 1.50 ነው.ዱባው ምን ያህል ተጠቀሙበት?
"5,600","ሰኞ ሰኞ, እህቷ በላች ብዙ ኩኪዎች 4 ጊዜ ይበሉ ነበር.ማክሰኞ ማክሰኞ እህቷ የበላችውን ያህል ብዙ ኩኪዎችን ትበላ ነበር.እህቷ ሰኞ 5 ኩኪዎች 5 ኩኪዎችን በላች, 1 ኩኪ 200 ካሎሪ ስታካትት ከእህቷ ይልቅ ስንት ካሎሪዎች ትበላላችሁ?"